-0.43226,-0.86192,-0.26504,0.52832
-0.95783,-0.28735,0,0.95783
0.44813,0.89358,0.026172,-0.20061
-0.64642,-0.75026,-0.13876,0.63153
0.62055,0.76973,0.14976,-0.58837
-0.44813,-0.89358,-0.026172,0.72128
0.4746,0.84716,0.23889,-0.5307
-0.42472,-0.86427,-0.26954,0.53411
0,0,-1,1.3963
-0.59205,-0.78674,-0.1747,0.60772
0.56675,0.80263,0.18593,-0.5736
0,0,1,0.69813
0.43226,0.86192,0.26504,-0.52832
0,0,-1,1.3963
-0.95783,-0.28735,0,0.95783
-0.59768,-0.79423,-0.10945,0.52007
0.57306,0.81157,0.11385,-0.47644
-0.44813,-0.89358,-0.026172,0.20061
0.4639,0.87612,0.13117,-0.36451
-0.54916,-0.81119,-0.20099,0.58767
-0.95783,-0.28735,0,0.95783
0.55849,0.82496,0.086743,-0.43337
-0.55849,-0.82496,-0.086743,0.67979
0.64642,0.75026,0.13876,-0.63153
-0.66175,-0.73864,-0.12845,0.63985
-0.50029,-0.83562,-0.22684,0.55256
0.51241,0.85587,0.070196,-0.33956
-0.51241,-0.85587,-0.070196,0.67915
0.6055,0.77962,0.15987,-0.58302
-0.62055,-0.76973,-0.14976,0.58837
0,0,1,1.3963
0,0,-1,-0.69813
-0.59768,-0.79423,-0.10945,0.66022
0.57306,0.81157,0.11385,-0.63175
-0.43701,-0.88928,-0.13495,0.64897
0.4639,0.87612,0.13117,-0.63172
0.44813,0.89358,0.026172,-0.72128
0.20492,0.90032,0.38397,0.49522
-0.20492,-0.90032,-0.38397,0.49522
-0.95783,-0.28735,0,0.95783
0.14776,0.6492,-0.74612,1.0713
-0.8566,-0.51396,-0.045739,0.8566
-0.74626,-0.65816,-0.099582,0.75012
-0.65227,-0.74368,-0.14659,0.66417
-0.57813,-0.79482,-0.18449,0.6017
-0.52031,-0.82656,-0.21465,0.55869
-0.4746,-0.84716,-0.23889,0.5307
-0.43769,-0.8611,-0.25871,0.51435
-0.40714,-0.8709,-0.27525,0.50732
-0.38126,-0.87803,-0.28932,0.50815
0.95783,0.28735,0,0.95783
-0.14776,-0.6492,0.74612,1.0713
0.8566,0.51396,0.045739,0.8566
0.74626,0.65816,0.099582,0.75012
0.65227,0.74368,0.14659,0.66417
0.57813,0.79482,0.18449,0.6017
0.52031,0.82656,0.21465,0.55869
0.4746,0.84716,0.23889,0.5307
0.43769,0.8611,0.25871,0.51435
0.40714,0.8709,0.27525,0.50732
0.38126,0.87803,0.28932,0.50815
-0.41901,-0.86599,-0.27293,0.53867
0,0,-1,1.3963
-0.54525,-0.81319,-0.20352,0.58869
0.52059,0.82632,0.21491,-0.56221
0,0,1,0.69813
0.42472,0.86427,0.26954,-0.53411
-0.52104,-0.82531,-0.21767,0.57834
-0.95783,-0.28735,0,0.95783
0,0,-1,1.3963
0,0,1,0.69813
0.54916,0.81119,0.20099,-0.58767
0.59205,0.78674,0.1747,-0.60772
-0.6049,-0.77866,-0.16669,0.61447
-0.47591,-0.84576,-0.24124,0.54981
0,0,-1,1.3963
0,0,1,0.69813
0.50029,0.83562,0.22684,-0.55256
0.55421,0.8095,0.1938,-0.56913
-0.56675,-0.80263,-0.18593,0.5736
0,0,-1,1.3963
-0.95783,-0.28735,0,0.95783
-0.55849,-0.82496,-0.086743,0.43337
0.59768,0.79423,0.10945,-0.52007
0,0,-1,1.3963
-0.51241,-0.85587,-0.070196,0.33956
0.56111,0.81958,0.11591,-0.4641
-0.57306,-0.81157,-0.11385,0.47644
0,0,1,-0.69813
0,0,-1,1.3963
-0.95783,-0.28735,0,0.95783
-0.4639,-0.87612,-0.13117,0.36451
-0.42843,-0.89327,-0.13611,0.32851
-0.39956,-0.90597,-0.13991,0.30466
0.95783,0.28735,0,0.95783
0.8566,0.51396,0.045739,0.8566
0.74096,0.66687,0.079129,0.76858
0.64261,0.75953,0.10087,0.70579
0.56658,0.81595,0.11497,0.66581
0.50867,0.85192,0.12447,0.64273
0.4639,0.87612,0.13117,0.63172
0.42843,0.89327,0.13611,0.62961
0.39956,0.90597,0.13991,0.63443
0.37545,0.91575,0.14294,0.64504
0.35481,0.92356,0.14544,0.66087
0.20567,0.96532,0.16083,0.76608
-0.14776,-0.6492,0.74612,-1.0713
0,0,1,1.3963
0,0,-1,-0.69813
-0.52991,-0.83936,-0.1211,0.65819
0.59768,0.79423,0.10945,-0.66022
-0.60995,-0.78516,-0.10718,0.66212
0.55849,0.82496,0.086743,-0.67979
-0.48513,-0.84168,-0.23712,0.55491
-0.95783,-0.28735,0,0.95783
-0.69226,-0.71222,-0.11626,0.68353
0.66175,0.73864,0.12845,-0.63985
-0.49836,-0.86463,-0.063597,0.6957
0.52031,0.82656,0.21465,-0.55869
0,0,1,1.3963
0,0,-1,-0.69813
-0.48637,-0.86434,-0.12787,0.64474
0.56111,0.81958,0.11591,-0.63227
-0.57306,-0.81157,-0.11385,0.63175
0.51241,0.85587,0.070196,-0.67915
-0.38975,-0.87489,-0.28753,0.51333
0.40683,0.91324,-0.021854,-0.086254
-0.6055,-0.77962,-0.15987,0.58302
0.58361,0.7941,0.16972,-0.53955
-0.40683,-0.91324,0.021854,0.76062
0.43769,0.8611,0.25871,-0.51435
0,0,1,1.3963
0,0,-1,-0.69813
-0.55306,-0.82484,-0.11728,0.65937
0.52912,0.83985,0.12123,-0.63928
-0.43152,-0.89184,-0.13569,0.65624
0.43701,0.88928,0.13495,-0.64897
0,0,1,1.3963
0,0,-1,-0.69813
-0.95783,-0.28735,0,0.95783
-0.8566,-0.51396,-0.045739,0.8566
-0.74096,-0.66687,-0.079129,0.76858
-0.64261,-0.75953,-0.10087,0.70579
-0.56658,-0.81595,-0.11497,0.66581
-0.50867,-0.85192,-0.12447,0.64273
-0.4639,-0.87612,-0.13117,0.63172
-0.42843,-0.89327,-0.13611,0.62961
-0.39956,-0.90597,-0.13991,0.63443
-0.37545,-0.91575,-0.14294,0.64504
-0.35481,-0.92356,-0.14544,0.66087
0.95783,0.28735,0,0.95783
-0.20567,-0.96532,-0.16083,0.76608
0.4639,0.87612,0.13117,0.36451
0.42843,0.89327,0.13611,0.32851
0.39956,0.90597,0.13991,0.30466
0.14776,0.6492,-0.74612,-1.0713
-0.95783,-0.28735,0,0.95783
0,0,-1,0.69813
0,0,1,1.3963
0.38648,0.8763,0.28763,0.50733
0.36178,0.88241,0.30079,0.50772
0.34072,0.88688,0.31203,0.51429
0.1919,0.90069,0.38978,0.54744
-0.20492,-0.90032,-0.38397,-0.49522
-0.1919,-0.90069,-0.38978,0.54744
0,0,-1,1.3963
-0.38648,-0.8763,-0.28763,0.50733
-0.36178,-0.88241,-0.30079,0.50772
-0.34072,-0.88688,-0.31203,0.51429
0.95783,0.28735,0,0.95783
0,0,1,0.69813
0.20492,0.90032,0.38397,-0.49522
-0.73917,-0.66525,-0.10525,0.74835
-0.95783,-0.28735,0,0.95783
-0.8566,-0.51396,-0.045739,0.8566
0.81319,0.57893,0.059621,-0.81039
-0.74096,-0.66687,-0.079129,0.76858
0.74626,0.65816,0.099582,-0.75012
-0.63565,-0.75554,-0.15847,0.66049
-0.95783,-0.28735,0,0.95783
-0.79892,-0.5975,-0.068735,0.79762
0.75829,0.64664,0.082791,-0.75121
-0.64095,-0.76184,-0.09369,0.71216
0.65227,0.74368,0.14659,-0.66417
-0.55168,-0.80918,-0.20217,0.5973
-0.95783,-0.28735,0,0.95783
-0.74326,-0.66255,-0.092699,0.73908
0.70762,0.6986,0.10598,-0.69415
-0.56116,-0.82309,-0.087308,0.69018
0.57813,0.79482,0.18449,-0.6017
-0.35512,-0.88338,-0.30583,0.50676
0.37186,0.92503,-0.0777,0.024984
-0.569,-0.80251,-0.17947,0.53773
0.55043,0.81338,0.18825,-0.49317
-0.37186,-0.92503,0.0777,0.80847
0.40714,0.8709,0.27525,-0.50732
-0.32657,-0.88904,-0.32086,0.50627
-0.53636,-0.82054,-0.19755,0.49536
-0.34147,-0.9296,0.13874,0.86044
0.38126,0.87803,0.28932,-0.50815
0.73917,0.66525,0.10525,0.74835
0.74096,0.66687,0.079129,0.76858
0.95783,0.28735,0,0.95783
0.8566,0.51396,0.045739,0.8566
-0.81319,-0.57893,-0.059621,-0.81039
-0.74626,-0.65816,-0.099582,-0.75012
0.63565,0.75554,0.15847,0.66049
0.64095,0.76184,0.09369,0.71216
0.95783,0.28735,0,0.95783
0.79892,0.5975,0.068735,0.79762
-0.75829,-0.64664,-0.082791,-0.75121
-0.65227,-0.74368,-0.14659,-0.66417
0.55168,0.80918,0.20217,0.5973
0.56116,0.82309,0.087308,0.69018
0.95783,0.28735,0,0.95783
0.74326,0.66255,0.092699,0.73908
-0.70762,-0.6986,-0.10598,-0.69415
-0.57813,-0.79482,-0.18449,-0.6017
0.48513,0.84168,0.23712,0.55491
0.49836,0.86463,0.063597,0.6957
0.95783,0.28735,0,0.95783
0.69226,0.71222,0.11626,0.68353
-0.66175,-0.73864,-0.12845,-0.63985
-0.52031,-0.82656,-0.21465,-0.55869
0.43226,0.86192,0.26504,0.52832
0.44813,0.89358,0.026172,0.72128
0.95783,0.28735,0,0.95783
-0.44813,-0.89358,-0.026172,-0.20061
0.64642,0.75026,0.13876,0.63153
-0.62055,-0.76973,-0.14976,-0.58837
-0.4746,-0.84716,-0.23889,-0.5307
0.38975,0.87489,0.28753,0.51333
0.40683,0.91324,-0.021854,0.76062
-0.40683,-0.91324,0.021854,-0.086254
0.6055,0.77962,0.15987,0.58302
-0.58361,-0.7941,-0.16972,-0.53955
-0.43769,-0.8611,-0.25871,-0.51435
0.35512,0.88338,0.30583,0.50676
0.37186,0.92503,-0.0777,0.80847
-0.37186,-0.92503,0.0777,0.024984
0.569,0.80251,0.17947,0.53773
-0.55043,-0.81338,-0.18825,-0.49317
-0.40714,-0.8709,-0.27525,-0.50732
0.32657,0.88904,0.32086,0.50627
0.34147,0.9296,-0.13874,0.86044
0.53636,0.82054,0.19755,0.49536
-0.38126,-0.87803,-0.28932,-0.50815
-0.41517,-0.86712,-0.2752,0.54191
0,0,-1,1.3963
-0.50527,-0.83262,-0.22681,0.57382
0.48127,0.84356,0.23831,-0.55391
0,0,1,0.69813
0.41901,0.86599,0.27293,-0.53867
-0.49505,-0.83716,-0.23256,0.56986
1.2092e-13,1.612e-13,-1,1.3963
-8.6212e-14,-1.3989e-13,1,0.69813
0.52104,0.82531,0.21767,-0.57834
0.54525,0.81319,0.20352,-0.58869
-0.55586,-0.80753,-0.19727,0.59384
-0.45345,-0.85428,-0.25413,0.5474
0,0,-1,1.3963
0,0,1,0.69813
0.47591,0.84576,0.24124,-0.54981
0.51026,0.83113,0.22106,-0.5588
-0.52059,-0.82632,-0.21491,0.56221
-0.47799,-0.84449,-0.24157,0.55828
-0.95783,-0.28735,0,0.95783
0,0,-1,1.3963
-0.63527,-0.75686,-0.15361,0.65014
0.6049,0.77866,0.16669,-0.61447
0,0,1,0.69813
0.48513,0.84168,0.23712,-0.55491
-0.3822,-0.87677,-0.29188,0.52167
0,0,-1,1.3963
-0.55421,-0.8095,-0.1938,0.56913
0.53311,0.82121,0.20347,-0.53541
0,0,1,0.69813
0.38975,0.87489,0.28753,-0.51333
0,0,-1,1.3963
-0.56111,-0.81958,-0.11591,0.4641
0.54061,0.83276,0.11935,-0.42149
-0.40683,-0.91324,0.021854,0.086254
0.42843,0.89327,0.13611,-0.32851
0,0,-1,1.3963
-0.52904,-0.83989,-0.12124,0.41188
-0.37186,-0.92503,0.0777,-0.024984
0.39956,0.90597,0.13991,-0.30466
0,0,1,-0.69813
0,0,-1,1.3963
0.74096,0.66687,0.079129,0.76858
-0.70013,-0.70848,-0.088716,-0.73356
0.63684,0.76421,0.10201,0.70806
-0.64095,-0.76184,-0.09369,-0.71216
-0.64261,-0.75953,-0.10087,-0.70579
0,0,1,-0.69813
0,0,-1,1.3963
0.68749,0.72041,0.091514,0.72766
-0.65206,-0.75168,-0.098971,-0.69568
0.55379,0.82437,0.11716,0.67182
-0.56116,-0.82309,-0.087308,-0.69018
-0.56658,-0.81595,-0.11497,-0.66581
0,0,1,-0.69813
0,0,-1,1.3963
0.63958,0.762,0.10147,0.69167
-0.60995,-0.78516,-0.10718,-0.66212
0.48856,0.86316,0.12754,0.65395
-0.49836,-0.86463,-0.063597,-0.6957
-0.50867,-0.85192,-0.12447,-0.64273
0,0,1,-0.69813
0,0,-1,1.3963
0.59768,0.79423,0.10945,0.66022
-0.57306,-0.81157,-0.11385,-0.63175
0.43701,0.88928,0.13495,0.64897
-0.44813,-0.89358,-0.026172,-0.72128
-0.4639,-0.87612,-0.13117,-0.63172
0,0,1,-0.69813
0,0,-1,1.3963
0.56111,0.81958,0.11591,0.63227
-0.54061,-0.83276,-0.11935,-0.60367
0.39564,0.90761,0.14042,0.65293
-0.40683,-0.91324,0.021854,-0.76062
-0.42843,-0.89327,-0.13611,-0.62961
0,0,1,-0.69813
0,0,-1,1.3963
0.52904,0.83989,0.12124,0.60692
-0.51188,-0.85007,-0.12397,-0.57716
0.3619,0.92094,0.14459,0.66303
-0.37186,-0.92503,0.0777,-0.80847
-0.39956,-0.90597,-0.13991,-0.63443
0,0,1,-0.69813
0,0,-1,1.3963
0.50072,0.85643,0.1257,0.58346
-0.48624,-0.86441,-0.12789,-0.55176
0.33396,0.93092,0.14786,0.67734
-0.34147,-0.9296,0.13874,-0.86044
-0.37545,-0.91575,-0.14294,-0.64504
0,0,1,-0.69813
0,0,-1,1.3963
0.47552,0.87012,0.12948,0.56144
0.31054,0.93857,0.15047,0.69443
-0.35481,-0.92356,-0.14544,-0.66087
0,0,1,-0.69813
0,0,-1,1.3963
-0.95783,-0.28735,0,0.95783
0.33921,0.92911,0.14726,0.67293
0.32205,0.93489,0.1492,0.692
0.19377,0.9676,0.16187,0.82755
-0.20567,-0.96532,-0.16083,-0.76608
0,0,1,1.3963
0,0,-1,-0.69813
-0.50501,-0.85401,-0.12504,0.65966
0.55306,0.82484,0.11728,-0.65937
-0.5632,-0.8182,-0.11556,0.66055
0.52991,0.83936,0.1211,-0.65819
0,0,1,1.3963
0,0,-1,-0.69813
-0.63958,-0.762,-0.10147,0.69167
0.60995,0.78516,0.10718,-0.66212
-0.48856,-0.86316,-0.12754,0.65395
0.50867,0.85192,0.12447,-0.64273
0.49836,0.86463,0.063597,-0.6957
-0.60532,-0.77721,-0.17183,0.6319
-0.95783,-0.28735,0,0.95783
-0.61175,-0.78547,-0.093824,0.69434
0.69226,0.71222,0.11626,-0.68353
-0.70762,-0.6986,-0.10598,0.69415
0,0,1,1.3963
0,0,-1,-0.69813
-0.4648,-0.87567,-0.13104,0.65147
0.51924,0.84576,0.12281,-0.63995
-0.52912,-0.83985,-0.12123,0.63928
0.48637,0.86434,0.12787,-0.64474
0,0,1,1.3963
0,0,-1,-0.69813
-0.56111,-0.81958,-0.11591,0.63227
0.54061,0.83276,0.11935,-0.60367
-0.39564,-0.90761,-0.14042,0.65293
0.42843,0.89327,0.13611,-0.62961
0.40683,0.91324,-0.021854,-0.76062
-0.45791,-0.85326,-0.24953,0.52556
0.47239,0.88025,0.044837,-0.24535
-0.47239,-0.88025,-0.044837,0.69059
0.569,0.80251,0.17947,-0.53773
-0.58361,-0.7941,-0.16972,0.53955
0,0,1,1.3963
0,0,-1,-0.69813
-0.51481,-0.84836,-0.12351,0.65978
0.49153,0.86154,0.1271,-0.6469
-0.42782,-0.89354,-0.1362,0.66132
0.43152,0.89184,0.13569,-0.65624
0,0,1,1.3963
0,0,-1,-0.69813
-0.74096,-0.66687,-0.079129,0.76858
0.70013,0.70848,0.088716,-0.73356
-0.63684,-0.76421,-0.10201,0.70806
0.64261,0.75953,0.10087,-0.70579
0.64095,0.76184,0.09369,-0.71216
0,0,1,1.3963
0,0,-1,-0.69813
-0.68749,-0.72041,-0.091514,0.72766
0.65206,0.75168,0.098971,-0.69568
-0.55379,-0.82437,-0.11716,0.67182
0.56658,0.81595,0.11497,-0.66581
0.56116,0.82309,0.087308,-0.69018
0,0,1,1.3963
0,0,-1,-0.69813
-0.52904,-0.83989,-0.12124,0.60692
0.51188,0.85007,0.12397,-0.57716
-0.3619,-0.92094,-0.14459,0.66303
0.39956,0.90597,0.13991,-0.63443
0.37186,0.92503,-0.0777,-0.80847
0,0,1,1.3963
0,0,-1,-0.69813
-0.50072,-0.85643,-0.1257,0.58346
0.48624,0.86441,0.12789,-0.55176
-0.33396,-0.93092,-0.14786,0.67734
0.37545,0.91575,0.14294,-0.64504
0.34147,0.9296,-0.13874,-0.86044
0,0,1,1.3963
0,0,-1,-0.69813
-0.47552,-0.87012,-0.12948,0.56144
-0.31054,-0.93857,-0.15047,0.69443
0.35481,0.92356,0.14544,-0.66087
0,0,1,1.3963
0,0,-1,-0.69813
-0.33921,-0.92911,-0.14726,0.67293
-0.32205,-0.93489,-0.1492,0.692
0.95783,0.28735,0,0.95783
-0.19377,-0.9676,-0.16187,0.82755
0.20567,0.96532,0.16083,-0.76608
0,0,1,1.3963
0.95783,0.28735,0,0.95783
0.59768,0.79423,0.10945,0.52007
-0.57306,-0.81157,-0.11385,-0.47644
0.44813,0.89358,0.026172,0.20061
-0.4639,-0.87612,-0.13117,-0.36451
0,0,1,1.3963
0.56111,0.81958,0.11591,0.4641
-0.54061,-0.83276,-0.11935,-0.42149
0.40683,0.91324,-0.021854,0.086254
-0.42843,-0.89327,-0.13611,-0.32851
0,0,1,1.3963
0.52904,0.83989,0.12124,0.41188
0.37186,0.92503,-0.0777,-0.024984
-0.39956,-0.90597,-0.13991,-0.30466
0,0,-1,0.69813
0,0,1,1.3963
0.52096,0.82707,0.21109,0.53363
-0.50328,-0.83579,-0.21946,-0.49934
0.34773,0.88488,0.30995,0.51768
-0.35512,-0.88338,-0.30583,-0.50676
-0.38648,-0.8763,-0.28763,-0.50733
0,0,-1,0.69813
0,0,1,1.3963
0.49158,0.84079,0.22677,0.50064
-0.47665,-0.84736,-0.23404,-0.465
0.31936,0.89025,0.32476,0.51974
-0.32657,-0.88904,-0.32086,-0.50627
-0.36178,-0.88241,-0.30079,-0.50772
0,0,-1,0.69813
0.46542,0.85164,0.24101,0.46973
0.29574,0.89384,0.33701,0.5261
-0.34072,-0.88688,-0.31203,-0.51429
-0.1919,-0.90069,-0.38978,-0.54744
-0.95783,-0.28735,0,0.95783
0,0,-1,0.69813
0,0,1,1.3963
0.34501,0.88578,0.31041,0.51265
0.32479,0.88963,0.32103,0.51865
0.30743,0.89247,0.33013,0.52956
0.18039,0.90081,0.39497,0.59989
-0.18039,-0.90081,-0.39497,0.59989
0,0,-1,1.3963
-0.34501,-0.88578,-0.31041,0.51265
-0.32479,-0.88963,-0.32103,0.51865
-0.30743,-0.89247,-0.33013,0.52956
0.95783,0.28735,0,0.95783
0,0,1,0.69813
0.1919,0.90069,0.38978,-0.54744
-0.34773,-0.88488,-0.30995,0.51768
0,0,-1,1.3963
-0.52096,-0.82707,-0.21109,0.53363
0.50328,0.83579,0.21946,-0.49934
0,0,1,0.69813
0.35512,0.88338,0.30583,-0.50676
0.38648,0.8763,0.28763,-0.50733
-0.31936,-0.89025,-0.32476,0.51974
0,0,-1,1.3963
-0.49158,-0.84079,-0.22677,0.50064
0.47665,0.84736,0.23404,-0.465
0,0,1,0.69813
0.32657,0.88904,0.32086,-0.50627
0.36178,0.88241,0.30079,-0.50772
-0.29574,-0.89384,-0.33701,0.5261
-0.46542,-0.85164,-0.24101,0.46973
0,0,1,0.69813
0.34072,0.88688,0.31203,-0.51429
-0.73917,-0.66525,-0.10525,0.74835
-0.95783,-0.28735,0,0.95783
-0.74096,-0.66687,-0.079129,0.76858
0.79892,0.5975,0.068735,-0.79762
-0.81319,-0.57893,-0.059621,0.81039
-0.63181,-0.75818,-0.16118,0.6606
-0.95783,-0.28735,0,0.95783
-0.73917,-0.66525,-0.10525,0.74835
0.69761,0.70593,0.12249,-0.70711
0,0,1,0.69813
0.63565,0.75554,0.15847,-0.66049
-0.66905,-0.72999,-0.13958,0.6858
-0.95783,-0.28735,0,0.95783
-0.67286,-0.73414,-0.091126,0.72407
0.74326,0.66255,0.092699,-0.73908
-0.75829,-0.64664,-0.082791,0.75121
-0.54565,-0.81226,-0.20613,0.59864
-0.95783,-0.28735,0,0.95783
-0.68449,-0.71727,-0.13038,0.69708
0.6483,0.74734,0.14559,-0.65872
0,0,1,0.69813
0.55168,0.80918,0.20217,-0.5973
-0.42117,-0.86607,-0.26933,0.50551
-0.4373,-0.89924,-0.011509,0.71207
0.53636,0.82054,0.19755,-0.49536
-0.55043,-0.81338,-0.18825,0.49317
0.73917,0.66525,0.10525,0.74835
0.74096,0.66687,0.079129,0.76858
0.95783,0.28735,0,0.95783
-0.79892,-0.5975,-0.068735,-0.79762
0.81319,0.57893,0.059621,0.81039
0,0,-1,0.69813
0.95783,0.28735,0,0.95783
0.73917,0.66525,0.10525,0.74835
-0.69761,-0.70593,-0.12249,-0.70711
0.63181,0.75818,0.16118,0.6606
-0.63565,-0.75554,-0.15847,-0.66049
0.66905,0.72999,0.13958,0.6858
0.67286,0.73414,0.091126,0.72407
0.95783,0.28735,0,0.95783
-0.74326,-0.66255,-0.092699,-0.73908
0.75829,0.64664,0.082791,0.75121
0,0,-1,0.69813
0.95783,0.28735,0,0.95783
0.68449,0.71727,0.13038,0.69708
-0.6483,-0.74734,-0.14559,-0.65872
0.54565,0.81226,0.20613,0.59864
-0.55168,-0.80918,-0.20217,-0.5973
0.60532,0.77721,0.17183,0.6319
0.61175,0.78547,0.093824,0.69434
0.95783,0.28735,0,0.95783
-0.69226,-0.71222,-0.11626,-0.68353
0.70762,0.6986,0.10598,0.69415
0,0,-1,0.69813
0.95783,0.28735,0,0.95783
0,0,1,1.3963
0.63527,0.75686,0.15361,0.65014
-0.6049,-0.77866,-0.16669,-0.61447
0.47799,0.84449,0.24157,0.55828
-0.48513,-0.84168,-0.23712,-0.55491
0.54916,0.81119,0.20099,0.58767
0.55849,0.82496,0.086743,0.67979
0.95783,0.28735,0,0.95783
-0.55849,-0.82496,-0.086743,-0.43337
-0.64642,-0.75026,-0.13876,-0.63153
0.66175,0.73864,0.12845,0.63985
0,0,-1,0.69813
0,0,1,1.3963
0.59205,0.78674,0.1747,0.60772
-0.56675,-0.80263,-0.18593,-0.5736
0.42472,0.86427,0.26954,0.53411
-0.43226,-0.86192,-0.26504,-0.52832
0.50029,0.83562,0.22684,0.55256
0.51241,0.85587,0.070196,0.67915
-0.51241,-0.85587,-0.070196,-0.33956
-0.6055,-0.77962,-0.15987,-0.58302
0.62055,0.76973,0.14976,0.58837
0,0,-1,0.69813
0,0,1,1.3963
0.55421,0.8095,0.1938,0.56913
-0.53311,-0.82121,-0.20347,-0.53541
0.3822,0.87677,0.29188,0.52167
-0.38975,-0.87489,-0.28753,-0.51333
0.45791,0.85326,0.24953,0.52556
0.47239,0.88025,0.044837,0.69059
-0.47239,-0.88025,-0.044837,-0.24535
-0.569,-0.80251,-0.17947,-0.53773
0.58361,0.7941,0.16972,0.53955
0.42117,0.86607,0.26933,0.50551
0.4373,0.89924,0.011509,0.71207
-0.53636,-0.82054,-0.19755,-0.49536
0.55043,0.81338,0.18825,0.49317
-0.41319,-0.86769,-0.27637,0.5437
-5.3853e-14,-1.7353e-13,-1,1.3963
-0.47071,-0.84728,-0.24607,0.56213
0.44786,0.85627,0.25736,-0.54821
-1.8256e-13,-4.3278e-13,1,0.69813
0.41517,0.86712,0.2752,-0.54191
-0.47071,-0.84728,-0.24607,0.56213
5.6084e-13,8.793e-13,-1,1.3963
-7.386e-13,-1.3373e-12,1,0.69813
0.49505,0.83716,0.23256,-0.56986
0.50527,0.83262,0.22681,-0.57382
-0.51403,-0.82858,-0.22187,0.57758
-0.43268,-0.86149,-0.26574,0.54537
-1.1214e-13,-2.1949e-13,-1,1.3963
-1.0838e-13,-2.5405e-13,1,0.69813
0.45345,0.85428,0.25413,-0.5474
0.47279,0.84696,0.24315,-0.55153
-0.48127,-0.84356,-0.23831,0.55391
-0.47319,-0.84634,-0.24454,0.56073
-0.95783,-0.28735,0,0.95783
0,0,-1,1.3963
-0.5857,-0.78946,-0.18361,0.62243
0.55586,0.80753,0.19727,-0.59384
0,0,1,0.69813
0.47799,0.84449,0.24157,-0.55828
-0.37613,-0.87823,-0.29537,0.52855
0,0,-1,1.3963
-0.51026,-0.83113,-0.22106,0.5588
0.48988,0.84073,0.23062,-0.5332
0,0,1,0.69813
0.3822,0.87677,0.29188,-0.52167
-0.57296,-0.79703,-0.19095,0.61511
-0.95783,-0.28735,0,0.95783
0,0,1,0.69813
0.60532,0.77721,0.17183,-0.6319
0.63527,0.75686,0.15361,-0.65014
-0.6483,-0.74734,-0.14559,0.65872
-0.43679,-0.8606,-0.26189,0.52852
0,0,-1,1.3963
0,0,1,0.69813
0.45791,0.85326,0.24953,-0.52556
0.52096,0.82707,0.21109,-0.53363
-0.53311,-0.82121,-0.20347,0.53541
0,0,-1,1.3963
-0.47239,-0.88025,-0.044837,0.24535
0.52904,0.83989,0.12124,-0.41188
-0.54061,-0.83276,-0.11935,0.42149
6.6641e-14,0,1,-0.69813
-6.6641e-14,0,-1,1.3963
0.63684,0.76421,0.10201,0.70806
-0.67286,-0.73414,-0.091126,-0.72407
-0.68749,-0.72041,-0.091514,-0.72766
0.70013,0.70848,0.088716,0.73356
0,0,1,-0.69813
0,0,-1,1.3963
0.57998,0.8068,0.11263,0.67897
-0.61175,-0.78547,-0.093824,-0.69434
-0.63958,-0.762,-0.10147,-0.69167
0.65206,0.75168,0.098971,0.69568
0,0,1,-0.69813
0,0,-1,1.3963
0.63684,0.76421,0.10201,0.70806
-0.60263,-0.7906,-0.10854,-0.68471
0.55085,0.82627,0.11765,0.67405
-0.55379,-0.82437,-0.11716,-0.67182
0,0,1,-0.69813
0,0,-1,1.3963
0.52991,0.83936,0.1211,0.65819
-0.55849,-0.82496,-0.086743,-0.67979
-0.59768,-0.79423,-0.10945,-0.66022
0.60995,0.78516,0.10718,0.66212
0,0,1,-0.69813
0,0,-1,1.3963
0.59218,0.7982,0.11045,0.68182
-0.5632,-0.8182,-0.11556,-0.66055
0.48397,0.86564,0.12823,0.65861
-0.48856,-0.86316,-0.12754,-0.65395
0,0,1,-0.69813
0,0,-1,1.3963
0.48637,0.86434,0.12787,0.64474
-0.51241,-0.85587,-0.070196,-0.67915
-0.56111,-0.81958,-0.11591,-0.63227
0.57306,0.81157,0.11385,0.63175
0,0,1,-0.69813
0,0,-1,1.3963
0.55306,0.82484,0.11728,0.65937
-0.52912,-0.83985,-0.12123,-0.63928
0.43152,0.89184,0.13569,0.65624
-0.43701,-0.88928,-0.13495,-0.64897
0,0,1,-0.69813
0,0,-1,1.3963
0.44855,0.88376,0.13335,0.6374
-0.47239,-0.88025,-0.044837,-0.69059
-0.52904,-0.83989,-0.12124,-0.60692
0.54061,0.83276,0.11935,0.60367
0,0,1,-0.69813
0,0,-1,1.3963
0.51924,0.84576,0.12281,0.63995
-0.49945,-0.85715,-0.12589,-0.61987
0.38975,0.91004,0.14116,0.66282
-0.39564,-0.90761,-0.14042,-0.65293
0,0,1,-0.69813
0,0,-1,1.3963
0.41558,0.89905,0.13783,0.63507
-0.4373,-0.89924,-0.011509,-0.71207
-0.50072,-0.85643,-0.1257,-0.58346
0.51188,0.85007,0.12397,0.57716
0,0,1,-0.69813
0,0,-1,1.3963
0.48985,0.86245,0.12735,0.62262
-0.47339,-0.87124,-0.12979,-0.60157
0.35588,0.92316,0.14531,0.67549
-0.3619,-0.92094,-0.14459,-0.66303
0,0,1,-0.69813
0,0,-1,1.3963
0.38673,0.91127,0.14154,0.63682
-0.47552,-0.87012,-0.12948,-0.56144
0.48624,0.86441,0.12789,0.55176
0,0,1,-0.69813
0,0,-1,1.3963
0.4641,0.87602,0.13114,0.60667
-0.4503,-0.8829,-0.1331,-0.58387
0.32795,0.93294,0.14854,0.69232
-0.33396,-0.93092,-0.14786,-0.67734
0,0,1,-0.69813
0,0,-1,1.3963
0.44132,0.88723,0.13435,0.59159
-0.42965,-0.8927,-0.13595,-0.56643
0.30458,0.94042,0.15112,0.71192
-0.31054,-0.93857,-0.15047,-0.69443
-0.33921,-0.92911,-0.14726,-0.67293
0,0,1,-0.69813
0,0,-1,1.3963
0.42099,0.89664,0.13711,0.57709
0.28482,0.94626,0.15321,0.73324
-0.32205,-0.93489,-0.1492,-0.692
0,0,1,-0.69813
0,0,-1,1.3963
-0.95783,-0.28735,0,0.95783
0.30899,0.93906,0.15064,0.70664
0.29455,0.94344,0.15219,0.72819
0.18315,0.96952,0.16278,0.88901
-0.19377,-0.9676,-0.16187,-0.82755
-2.2993e-13,-1.6209e-13,1,1.3963
2.2993e-13,1.6209e-13,-1,-0.69813
-0.48161,-0.8669,-0.12858,0.66114
0.51481,0.84836,0.12351,-0.65978
-0.52322,-0.84339,-0.12217,0.66027
0.50501,0.85401,0.12504,-0.65966
0,0,1,1.3963
0,0,-1,-0.69813
-0.59218,-0.7982,-0.11045,0.68182
0.5632,0.8182,0.11556,-0.66055
-0.48397,-0.86564,-0.12823,0.65861
0.48856,0.86316,0.12754,-0.65395
0,0,1,1.3963
0,0,-1,-0.69813
-0.57998,-0.8068,-0.11263,0.67897
0.63958,0.762,0.10147,-0.69167
-0.65206,-0.75168,-0.098971,0.69568
0.61175,0.78547,0.093824,-0.69434
0,0,1,1.3963
0,0,-1,-0.69813
-0.44477,-0.88558,-0.13387,0.65786
0.48339,0.86595,0.12832,-0.64787
-0.49153,-0.86154,-0.1271,0.6469
0.4648,0.87567,0.13104,-0.65147
0,0,1,1.3963
0,0,-1,-0.69813
-0.51924,-0.84576,-0.12281,0.63995
0.49945,0.85715,0.12589,-0.61987
-0.38975,-0.91004,-0.14116,0.66282
0.39564,0.90761,0.14042,-0.65293
0,0,1,1.3963
0,0,-1,-0.69813
-0.44855,-0.88376,-0.13335,0.6374
0.52904,0.83989,0.12124,-0.60692
-0.54061,-0.83276,-0.11935,0.60367
0.47239,0.88025,0.044837,-0.69059
0,0,1,1.3963
0,0,-1,-0.69813
-0.48161,-0.8669,-0.12858,0.66114
0.45942,0.87838,0.13181,-0.65466
-0.42591,-0.89442,-0.13645,0.66407
0.42782,0.89354,0.1362,-0.66132
0,6.7946e-14,1,1.3963
0,-6.7946e-14,-1,-0.69813
-0.63684,-0.76421,-0.10201,0.70806
0.68749,0.72041,0.091514,-0.72766
-0.70013,-0.70848,-0.088716,0.73356
0.67286,0.73414,0.091126,-0.72407
0,0,1,1.3963
0,0,-1,-0.69813
-0.63684,-0.76421,-0.10201,0.70806
0.60263,0.7906,0.10854,-0.68471
-0.55085,-0.82627,-0.11765,0.67405
0.55379,0.82437,0.11716,-0.67182
0,0,1,1.3963
0,0,-1,-0.69813
-0.41558,-0.89905,-0.13783,0.63507
0.50072,0.85643,0.1257,-0.58346
-0.51188,-0.85007,-0.12397,0.57716
0.4373,0.89924,0.011509,-0.71207
0,0,1,1.3963
0,0,-1,-0.69813
-0.48985,-0.86245,-0.12735,0.62262
0.47339,0.87124,0.12979,-0.60157
-0.35588,-0.92316,-0.14531,0.67549
0.3619,0.92094,0.14459,-0.66303
0,0,1,1.3963
0,0,-1,-0.69813
-0.38673,-0.91127,-0.14154,0.63682
0.47552,0.87012,0.12948,-0.56144
-0.48624,-0.86441,-0.12789,0.55176
0,0,1,1.3963
0,0,-1,-0.69813
-0.4641,-0.87602,-0.13114,0.60667
0.4503,0.8829,0.1331,-0.58387
-0.32795,-0.93294,-0.14854,0.69232
0.33396,0.93092,0.14786,-0.67734
0,0,1,1.3963
0,0,-1,-0.69813
-0.44132,-0.88723,-0.13435,0.59159
0.42965,0.8927,0.13595,-0.56643
-0.30458,-0.94042,-0.15112,0.71192
0.33921,0.92911,0.14726,-0.67293
0.31054,0.93857,0.15047,-0.69443
0,0,1,1.3963
0,0,-1,-0.69813
-0.42099,-0.89664,-0.13711,0.57709
-0.28482,-0.94626,-0.15321,0.73324
0.32205,0.93489,0.1492,-0.692
0,0,1,1.3963
0,0,-1,-0.69813
-0.30899,-0.93906,-0.15064,0.70664
-0.29455,-0.94344,-0.15219,0.72819
0.95783,0.28735,0,0.95783
-0.18315,-0.96952,-0.16278,0.88901
0.19377,0.9676,0.16187,-0.82755
0,0,1,1.3963
0.95783,0.28735,0,0.95783
0.55849,0.82496,0.086743,0.43337
-0.59768,-0.79423,-0.10945,-0.52007
0,0,1,1.3963
0.51241,0.85587,0.070196,0.33956
-0.56111,-0.81958,-0.11591,-0.4641
0.57306,0.81157,0.11385,0.47644
0,0,1,1.3963
0.47239,0.88025,0.044837,0.24535
-0.52904,-0.83989,-0.12124,-0.41188
0.54061,0.83276,0.11935,0.42149
0,0,-1,0.69813
0,0,1,1.3963
0.43679,0.8606,0.26189,0.52852
-0.45791,-0.85326,-0.24953,-0.52556
-0.52096,-0.82707,-0.21109,-0.53363
0.53311,0.82121,0.20347,0.53541
0,0,-1,0.69813
0,0,1,1.3963
0.40281,0.87143,0.27993,0.51339
-0.42117,-0.86607,-0.26933,-0.50551
-0.49158,-0.84079,-0.22677,-0.50064
0.50328,0.83579,0.21946,0.49934
-0.34773,-0.88488,-0.30995,-0.51768
0,0,-1,0.69813
0,0,1,1.3963
0.47985,0.84484,0.23661,0.53181
-0.46292,-0.85196,-0.24471,-0.50603
0.34158,0.88607,0.31337,0.52694
0,0,-1,0.69813
0.37319,0.87937,0.29569,0.50346
-0.46542,-0.85164,-0.24101,-0.46973
0.47665,0.84736,0.23404,0.465
-0.31936,-0.89025,-0.32476,-0.51974
0,0,-1,0.69813
0,0,1,1.3963
0.45322,0.85548,0.25049,0.50697
-0.43904,-0.86081,-0.2574,-0.48015
0.31328,0.8912,0.32805,0.53138
-0.34501,-0.88578,-0.31041,-0.51265
-0.29574,-0.89384,-0.33701,-0.5261
0,0,-1,0.69813
0,0,1,1.3963
0.42969,0.86384,0.26296,0.48374
-0.4177,-0.86788,-0.2689,-0.45522
0.28975,0.89461,0.34018,0.5401
-0.32479,-0.88963,-0.32103,-0.51865
0,0,-1,0.69813
0.40871,0.87049,0.27421,0.46175
0.26996,0.89689,0.3503,0.55181
-0.30743,-0.89247,-0.33013,-0.52956
-0.18039,-0.90081,-0.39497,-0.59989
-0.95783,-0.28735,0,0.95783
0,0,-1,0.69813
0,0,1,1.3963
0.311,0.89177,0.32866,0.52723
0.29424,0.89422,0.33733,0.53754
0.27975,0.89602,0.34481,0.55178
0.17016,0.90075,0.39961,0.65256
-0.17016,-0.90075,-0.39961,0.65256
0,0,-1,1.3963
-0.311,-0.89177,-0.32866,0.52723
-0.29424,-0.89422,-0.33733,0.53754
-0.27975,-0.89602,-0.34481,0.55178
0.95783,0.28735,0,0.95783
0,0,1,0.69813
0.18039,0.90081,0.39497,-0.59989
-0.31328,-0.8912,-0.32805,0.53138
0,0,-1,1.3963
-0.45322,-0.85548,-0.25049,0.50697
0.43904,0.86081,0.2574,-0.48015
0,0,1,0.69813
0.31936,0.89025,0.32476,-0.51974
0.34501,0.88578,0.31041,-0.51265
-0.28975,-0.89461,-0.34018,0.5401
0,0,-1,1.3963
-0.42969,-0.86384,-0.26296,0.48374
0.4177,0.86788,0.2689,-0.45522
0,0,1,0.69813
0.29574,0.89384,0.33701,-0.5261
0.32479,0.88963,0.32103,-0.51865
-0.26996,-0.89689,-0.3503,0.55181
-0.40871,-0.87049,-0.27421,0.46175
0,0,1,0.69813
0.30743,0.89247,0.33013,-0.52956
-0.34158,-0.88607,-0.31337,0.52694
0,0,-1,1.3963
-0.47985,-0.84484,-0.23661,0.53181
0.46292,0.85196,0.24471,-0.50603
0,0,1,0.69813
0.34773,0.88488,0.30995,-0.51768
-0.40281,-0.87143,-0.27993,0.51339
0,0,-1,1.3963
0,0,1,0.69813
0.42117,0.86607,0.26933,-0.50551
0.49158,0.84079,0.22677,-0.50064
-0.50328,-0.83579,-0.21946,0.49934
-0.37319,-0.87937,-0.29569,0.50346
0,0,1,0.69813
0.46542,0.85164,0.24101,-0.46973
-0.47665,-0.84736,-0.23404,0.465
-0.63181,-0.75818,-0.16118,0.6606
-0.95783,-0.28735,0,0.95783
4.5297e-14,8.4599e-14,1,0.69813
0.66905,0.72999,0.13958,-0.6858
0.68449,0.71727,0.13038,-0.69708
-0.69761,-0.70593,-0.12249,0.70711
-0.54255,-0.81383,-0.20815,0.59948
-0.95783,-0.28735,0,0.95783
-0.63181,-0.75818,-0.16118,0.6606
0.59661,0.7827,0.17729,-0.62911
0,0,1,0.69813
0.54565,0.81226,0.20613,-0.59864
-4.3215e-14,-8.7597e-14,-1,0.69813
0.95783,0.28735,0,0.95783
0.63181,0.75818,0.16118,0.6606
-0.66905,-0.72999,-0.13958,-0.6858
-0.68449,-0.71727,-0.13038,-0.69708
0.69761,0.70593,0.12249,0.70711
0,0,-1,0.69813
0.95783,0.28735,0,0.95783
0.57296,0.79703,0.19095,0.61511
-0.60532,-0.77721,-0.17183,-0.6319
-0.63527,-0.75686,-0.15361,-0.65014
0.6483,0.74734,0.14559,0.65872
-0.54565,-0.81226,-0.20613,-0.59864
0,0,-1,0.69813
0.95783,0.28735,0,0.95783
0.63181,0.75818,0.16118,0.6606
-0.59661,-0.7827,-0.17729,-0.62911
0.54255,0.81383,0.20815,0.59948
0,0,-1,0.69813
0.95783,0.28735,0,0.95783
0,0,1,1.3963
0.52104,0.82531,0.21767,0.57834
-0.54916,-0.81119,-0.20099,-0.58767
-0.59205,-0.78674,-0.1747,-0.60772
0.6049,0.77866,0.16669,0.61447
-0.47799,-0.84449,-0.24157,-0.55828
0,0,-1,0.69813
0.95783,0.28735,0,0.95783
0,0,1,1.3963
0.5857,0.78946,0.18361,0.62243
-0.55586,-0.80753,-0.19727,-0.59384
0.47319,0.84634,0.24454,0.56073
0,0,-1,0.69813
0,0,1,1.3963
0.47591,0.84576,0.24124,0.54981
-0.50029,-0.83562,-0.22684,-0.55256
-0.55421,-0.8095,-0.1938,-0.56913
0.56675,0.80263,0.18593,0.5736
-0.42472,-0.86427,-0.26954,-0.53411
0,0,-1,0.69813
0,0,1,1.3963
0.54525,0.81319,0.20352,0.58869
-0.52059,-0.82632,-0.21491,-0.56221
0.41901,0.86599,0.27293,0.53867
-0.3822,-0.87677,-0.29188,-0.52167
0,0,-1,0.69813
0,0,1,1.3963
0.51026,0.83113,0.22106,0.5588
-0.48988,-0.84073,-0.23062,-0.5332
0.37613,0.87823,0.29537,0.52855
-0.41319,-0.86769,-0.27637,0.5437
-4.8286e-13,-1.2004e-12,-1,1.3963
-4.0369e-13,-1.413e-12,1,0.69813
0.43268,0.86149,0.26574,-0.54537
0.44085,0.85873,0.26123,-0.54671
-0.44786,-0.85627,-0.25736,0.54821
-0.47071,-0.84728,-0.24607,0.56213
-0.95783,-0.28735,0,0.95783
5.9036e-14,7.494e-14,-1,1.3963
-0.54255,-0.81383,-0.20815,0.59948
0.51403,0.82858,0.22187,-0.57758
-1.0131e-13,-2.2594e-13,1,0.69813
0.47319,0.84634,0.24454,-0.56073
-0.37152,-0.8793,-0.298,0.53393
0,0,-1,1.3963
-0.47279,-0.84696,-0.24315,0.55153
0.45301,0.85495,0.25266,-0.53275
0,0,1,0.69813
0.37613,0.87823,0.29537,-0.52855
-0.54255,-0.81383,-0.20815,0.59948
-0.95783,-0.28735,0,0.95783
0,0,1,0.69813
0.57296,0.79703,0.19095,-0.61511
0.5857,0.78946,0.18361,-0.62243
-0.59661,-0.7827,-0.17729,0.62911
-0.4173,-0.86679,-0.27301,0.53133
0,0,-1,1.3963
0,0,1,0.69813
0.43679,0.8606,0.26189,-0.52852
0.47985,0.84484,0.23661,-0.53181
-0.48988,-0.84073,-0.23062,0.5332
-1.8638e-13,-2.7489e-13,1,-0.69813
1.8638e-13,2.7489e-13,-1,1.3963
0.55085,0.82627,0.11765,0.67405
-0.57998,-0.8068,-0.11263,-0.67897
-0.59218,-0.7982,-0.11045,-0.68182
0.60263,0.7906,0.10854,0.68471
-8.6459e-14,-1.5232e-13,1,-0.69813
8.6459e-14,1.5232e-13,-1,1.3963
0.50501,0.85401,0.12504,0.65966
-0.52991,-0.83936,-0.1211,-0.65819
-0.55306,-0.82484,-0.11728,-0.65937
0.5632,0.8182,0.11556,0.66055
0,0,1,-0.69813
0,0,-1,1.3963
0.55085,0.82627,0.11765,0.67405
-0.52322,-0.84339,-0.12217,-0.66027
0.48161,0.8669,0.12858,0.66114
-0.48397,-0.86564,-0.12823,-0.65861
0,0,1,-0.69813
0,0,-1,1.3963
0.4648,0.87567,0.13104,0.65147
-0.48637,-0.86434,-0.12787,-0.64474
-0.51924,-0.84576,-0.12281,-0.63995
0.52912,0.83985,0.12123,0.63928
0,0,1,-0.69813
0,0,-1,1.3963
0.51481,0.84836,0.12351,0.65978
-0.49153,-0.86154,-0.1271,-0.6469
0.42782,0.89354,0.1362,0.66132
-0.43152,-0.89184,-0.13569,-0.65624
0,0,1,-0.69813
0,0,-1,1.3963
0.42975,0.89266,0.13593,0.64857
-0.44855,-0.88376,-0.13335,-0.6374
-0.48985,-0.86245,-0.12735,-0.62262
0.49945,0.85715,0.12589,0.61987
0,0,1,-0.69813
0,0,-1,1.3963
0.48339,0.86595,0.12832,0.64787
-0.46416,-0.87599,-0.13113,-0.63504
0.38527,0.91185,0.14173,0.6705
-0.38975,-0.91004,-0.14116,-0.66282
0,0,1,-0.69813
0,0,-1,1.3963
0.39914,0.90615,0.13997,0.65003
-0.41558,-0.89905,-0.13783,-0.63507
-0.4641,-0.87602,-0.13114,-0.60667
0.47339,0.87124,0.12979,0.60157
0,0,1,-0.69813
0,0,-1,1.3963
0.45622,0.87998,0.13226,0.63761
-0.4403,-0.88772,-0.13449,-0.62394
0.35103,0.92493,0.14588,0.68572
-0.35588,-0.92316,-0.14531,-0.67549
0,0,1,-0.69813
0,0,-1,1.3963
0.37225,0.917,0.14334,0.65505
-0.38673,-0.91127,-0.14154,-0.63682
-0.44132,-0.88723,-0.13435,-0.59159
0.4503,0.8829,0.1331,0.58387
0,0,1,-0.69813
0,0,-1,1.3963
0.43256,0.89136,0.13555,0.62831
-0.41927,-0.89741,-0.13734,-0.61305
0.32294,0.9346,0.1491,0.70502
-0.32795,-0.93294,-0.14854,-0.69232
0,0,1,-0.69813
0,0,-1,1.3963
0.34853,0.92583,0.14617,0.66299
-0.42099,-0.89664,-0.13711,-0.57709
0.42965,0.8927,0.13595,0.56643
0,0,1,-0.69813
0,0,-1,1.3963
0.41175,0.90074,0.13833,0.61946
-0.40056,-0.90554,-0.13979,-0.60203
0.29953,0.94195,0.15166,0.72704
-0.30458,-0.94042,-0.15112,-0.71192
0,0,1,-0.69813
0,0,-1,1.3963
0.39326,0.90859,0.14072,0.61075
-0.38375,-0.91247,-0.14192,-0.59069
0.27975,0.94768,0.15374,0.75078
-0.28482,-0.94626,-0.15321,-0.73324
-0.30899,-0.93906,-0.15064,-0.70664
0,0,1,-0.69813
0,0,-1,1.3963
0.37668,0.91527,0.14279,0.60199
0.26287,0.95223,0.15545,0.77548
-0.29455,-0.94344,-0.15219,-0.72819
0,0,1,-0.69813
0,0,-1,1.3963
-0.95783,-0.28735,0,0.95783
0.2835,0.94663,0.15335,0.74483
-0.18315,-0.96952,-0.16278,-0.88901
0,0,1,1.3963
0,0,-1,-0.69813
-0.55085,-0.82627,-0.11765,0.67405
0.52322,0.84339,0.12217,-0.66027
-0.48161,-0.8669,-0.12858,0.66114
0.48397,0.86564,0.12823,-0.65861
-1.9865e-13,-3.868e-13,1,1.3963
1.9865e-13,3.868e-13,-1,-0.69813
-0.55085,-0.82627,-0.11765,0.67405
0.59218,0.7982,0.11045,-0.68182
-0.60263,-0.7906,-0.10854,0.68471
0.57998,0.8068,0.11263,-0.67897
-4.5852e-14,-2.9177e-13,1,1.3963
4.5852e-14,2.9177e-13,-1,-0.69813
-0.42591,-0.89442,-0.13645,0.66407
0.45266,0.88174,0.13277,-0.65594
-0.45942,-0.87838,-0.13181,0.65466
0.44477,0.88558,0.13387,-0.65786
0,0,1,1.3963
0,0,-1,-0.69813
-0.48339,-0.86595,-0.12832,0.64787
0.46416,0.87599,0.13113,-0.63504
-0.38527,-0.91185,-0.14173,0.6705
0.38975,0.91004,0.14116,-0.66282
0,0,1,1.3963
0,0,-1,-0.69813
-0.42975,-0.89266,-0.13593,0.64857
0.48985,0.86245,0.12735,-0.62262
-0.49945,-0.85715,-0.12589,0.61987
0.44855,0.88376,0.13335,-0.6374
0,0,1,1.3963
0,0,-1,-0.69813
-0.39914,-0.90615,-0.13997,0.65003
0.4641,0.87602,0.13114,-0.60667
-0.47339,-0.87124,-0.12979,0.60157
0.41558,0.89905,0.13783,-0.63507
0,0,1,1.3963
0,0,-1,-0.69813
-0.45622,-0.87998,-0.13226,0.63761
0.4403,0.88772,0.13449,-0.62394
-0.35103,-0.92493,-0.14588,0.68572
0.35588,0.92316,0.14531,-0.67549
0,0,1,1.3963
0,0,-1,-0.69813
-0.37225,-0.917,-0.14334,0.65505
0.44132,0.88723,0.13435,-0.59159
-0.4503,-0.8829,-0.1331,0.58387
0.38673,0.91127,0.14154,-0.63682
0,0,1,1.3963
0,0,-1,-0.69813
-0.43256,-0.89136,-0.13555,0.62831
0.41927,0.89741,0.13734,-0.61305
-0.32294,-0.9346,-0.1491,0.70502
0.32795,0.93294,0.14854,-0.69232
0,0,1,1.3963
0,0,-1,-0.69813
-0.34853,-0.92583,-0.14617,0.66299
0.42099,0.89664,0.13711,-0.57709
-0.42965,-0.8927,-0.13595,0.56643
0,0,1,1.3963
0,0,-1,-0.69813
-0.41175,-0.90074,-0.13833,0.61946
0.40056,0.90554,0.13979,-0.60203
-0.29953,-0.94195,-0.15166,0.72704
0.30458,0.94042,0.15112,-0.71192
0,0,1,1.3963
0,0,-1,-0.69813
-0.39326,-0.90859,-0.14072,0.61075
0.38375,0.91247,0.14192,-0.59069
-0.27975,-0.94768,-0.15374,0.75078
0.30899,0.93906,0.15064,-0.70664
0.28482,0.94626,0.15321,-0.73324
0,0,1,1.3963
0,0,-1,-0.69813
-0.37668,-0.91527,-0.14279,0.60199
-0.26287,-0.95223,-0.15545,0.77548
0.29455,0.94344,0.15219,-0.72819
0,0,1,1.3963
0,0,-1,-0.69813
-0.2835,-0.94663,-0.15335,0.74483
0.95783,0.28735,0,0.95783
0.18315,0.96952,0.16278,-0.88901
-0.43679,-0.8606,-0.26189,-0.52852
0,0,-1,0.69813
0,0,1,1.3963
0.4173,0.86679,0.27301,0.53133
-0.47985,-0.84484,-0.23661,-0.53181
0.48988,0.84073,0.23062,0.5332
-0.40281,-0.87143,-0.27993,-0.51339
0,0,-1,0.69813
0,0,1,1.3963
0.38584,0.87596,0.28953,0.5207
-0.45322,-0.85548,-0.25049,-0.50697
0.46292,0.85196,0.24471,0.50603
-0.34158,-0.88607,-0.31337,-0.52694
0,0,-1,0.69813
0,0,1,1.3963
0.44476,0.85787,0.2574,0.53191
-0.42841,-0.86376,-0.26532,-0.51323
0.33663,0.88699,0.31613,0.53456
-0.37319,-0.87937,-0.29569,-0.50346
0,0,-1,0.69813
0,0,1,1.3963
0.35834,0.88271,0.30399,0.51466
-0.42969,-0.86384,-0.26296,-0.48374
0.43904,0.86081,0.2574,0.48015
-0.31328,-0.8912,-0.32805,-0.53138
0,0,-1,0.69813
0,0,1,1.3963
0.42038,0.86626,0.26993,0.51415
-0.40677,-0.87065,-0.27659,-0.49469
0.30821,0.89195,0.3308,0.54125
0,0,-1,0.69813
0.33419,0.88771,0.31668,0.51246
-0.40871,-0.87049,-0.27421,-0.46175
0.4177,0.86788,0.2689,0.45522
-0.28975,-0.89461,-0.34018,-0.5401
0,0,-1,0.69813
0,0,1,1.3963
0.39899,0.87282,0.28106,0.49763
-0.38755,-0.87613,-0.28672,-0.47672
0.28467,0.89521,0.34287,0.55222
-0.311,-0.89177,-0.32866,-0.52723
-0.26996,-0.89689,-0.3503,-0.55181
0,0,-1,0.69813
0,0,1,1.3963
0.38002,0.878,0.29102,0.48195
-0.37032,-0.88052,-0.29588,-0.45906
0.2649,0.89737,0.35292,0.56617
-0.29424,-0.89422,-0.33733,-0.53754
0,0,-1,0.69813
0.36305,0.88215,0.30001,0.46684
0.24813,0.8988,0.36138,0.58212
-0.27975,-0.89602,-0.34481,-0.55178
-0.17016,-0.90075,-0.39961,-0.65256
-0.95783,-0.28735,0,0.95783
0,0,-1,0.69813
0,0,1,1.3963
0.28275,0.89558,0.3435,0.54887
0.26868,0.89713,0.35068,0.56252
0.25643,0.89826,0.3569,0.57934
0.161,0.90058,0.40377,0.70544
-0.161,-0.90058,-0.40377,0.70544
0,0,-1,1.3963
-0.28275,-0.89558,-0.3435,0.54887
-0.26868,-0.89713,-0.35068,0.56252
-0.25643,-0.89826,-0.3569,0.57934
0.95783,0.28735,0,0.95783
0,0,1,0.69813
0.17016,0.90075,0.39961,-0.65256
-0.28467,-0.89521,-0.34287,0.55222
0,0,-1,1.3963
-0.39899,-0.87282,-0.28106,0.49763
0.38755,0.87613,0.28672,-0.47672
0,0,1,0.69813
0.28975,0.89461,0.34018,-0.5401
0.311,0.89177,0.32866,-0.52723
-0.2649,-0.89737,-0.35292,0.56617
0,0,-1,1.3963
-0.38002,-0.878,-0.29102,0.48195
0.37032,0.88052,0.29588,-0.45906
0,0,1,0.69813
0.26996,0.89689,0.3503,-0.55181
0.29424,0.89422,0.33733,-0.53754
-0.24813,-0.8988,-0.36138,0.58212
-0.36305,-0.88215,-0.30001,0.46684
0,0,1,0.69813
0.27975,0.89602,0.34481,-0.55178
-0.30821,-0.89195,-0.3308,0.54125
0,0,-1,1.3963
-0.42038,-0.86626,-0.26993,0.51415
0.40677,0.87065,0.27659,-0.49469
0,0,1,0.69813
0.31328,0.8912,0.32805,-0.53138
-0.38584,-0.87596,-0.28953,0.5207
0,0,-1,1.3963
0,0,1,0.69813
0.40281,0.87143,0.27993,-0.51339
0.45322,0.85548,0.25049,-0.50697
-0.46292,-0.85196,-0.24471,0.50603
-0.35834,-0.88271,-0.30399,0.51466
0,0,-1,1.3963
0,0,1,0.69813
0.37319,0.87937,0.29569,-0.50346
0.42969,0.86384,0.26296,-0.48374
-0.43904,-0.86081,-0.2574,0.48015
-0.33419,-0.88771,-0.31668,0.51246
0,0,1,0.69813
0.40871,0.87049,0.27421,-0.46175
-0.4177,-0.86788,-0.2689,0.45522
-0.33663,-0.88699,-0.31613,0.53456
0,0,-1,1.3963
-0.44476,-0.85787,-0.2574,0.53191
0.42841,0.86376,0.26532,-0.51323
0,0,1,0.69813
0.34158,0.88607,0.31337,-0.52694
-0.57296,-0.79703,-0.19095,-0.61511
-2.7837e-13,-3.3523e-13,-1,0.69813
0.95783,0.28735,0,0.95783
0.54255,0.81383,0.20815,0.59948
-0.5857,-0.78946,-0.18361,-0.62243
0.59661,0.7827,0.17729,0.62911
-0.52104,-0.82531,-0.21767,-0.57834
0,0,-1,0.69813
0,0,1,1.3963
0.49505,0.83716,0.23256,0.56986
-0.54525,-0.81319,-0.20352,-0.58869
0.55586,0.80753,0.19727,0.59384
-0.47319,-0.84634,-0.24454,-0.56073
0,1.214e-13,-1,0.69813
0.95783,0.28735,0,0.95783
0,-1.1124e-13,1,1.3963
0.54255,0.81383,0.20815,0.59948
-0.51403,-0.82858,-0.22187,-0.57758
0.47071,0.84728,0.24607,0.56213
-0.47591,-0.84576,-0.24124,-0.54981
0,0,-1,0.69813
0,0,1,1.3963
0.45345,0.85428,0.25413,0.5474
-0.51026,-0.83113,-0.22106,-0.5588
0.52059,0.82632,0.21491,0.56221
-0.41901,-0.86599,-0.27293,-0.53867
0,0,-1,0.69813
0,0,1,1.3963
0.50527,0.83262,0.22681,0.57382
-0.48127,-0.84356,-0.23831,-0.55391
0.41517,0.86712,0.2752,0.54191
-0.37613,-0.87823,-0.29537,-0.52855
0,0,-1,0.69813
0,0,1,1.3963
0.47279,0.84696,0.24315,0.55153
-0.45301,-0.85495,-0.25266,-0.53275
0.37152,0.8793,0.298,0.53393
-0.36842,-0.88,-0.29977,0.53772
0,0,-1,1.3963
-0.44085,-0.85873,-0.26123,0.54671
0.4216,0.86544,0.2707,-0.5338
0,0,1,0.69813
0.37152,0.8793,0.298,-0.53393
-0.39929,-0.87203,-0.28307,0.53409
0,1.2224e-13,-1,1.3963
0,-9.1052e-14,1,0.69813
0.4173,0.86679,0.27301,-0.53133
0.44476,0.85787,0.2574,-0.53191
-0.45301,-0.85495,-0.25266,0.53275
9.0317e-14,1.3278e-13,1,-0.69813
-9.0317e-14,-1.3278e-13,-1,1.3963
0.44477,0.88558,0.13387,0.65786
-0.4648,-0.87567,-0.13104,-0.65147
-0.48339,-0.86595,-0.12832,-0.64787
0.49153,0.86154,0.1271,0.6469
9.448e-14,2.6423e-13,1,-0.69813
-9.448e-14,-2.6423e-13,-1,1.3963
0.48161,0.8669,0.12858,0.66114
-0.45942,-0.87838,-0.13181,-0.65466
0.42591,0.89442,0.13645,0.66407
-0.42782,-0.89354,-0.1362,-0.66132
0,0,1,-0.69813
0,0,-1,1.3963
0.41232,0.90049,0.13826,0.65907
-0.42975,-0.89266,-0.13593,-0.64857
-0.45622,-0.87998,-0.13226,-0.63761
0.46416,0.87599,0.13113,0.63504
0,0,1,-0.69813
0,0,-1,1.3963
0.45266,0.88174,0.13277,0.65594
-0.43392,-0.89073,-0.13537,-0.6494
0.38226,0.91306,0.1421,0.67585
-0.38527,-0.91185,-0.14173,-0.6705
0,0,1,-0.69813
0,0,-1,1.3963
0.38384,0.91243,0.14191,0.66403
-0.39914,-0.90615,-0.13997,-0.65003
-0.43256,-0.89136,-0.13555,-0.62831
0.4403,0.88772,0.13449,0.62394
0,0,1,-0.69813
0,0,-1,1.3963
0.42735,0.89376,0.13626,0.65195
-0.4118,-0.90071,-0.13833,-0.64463
0.34733,0.92626,0.14631,0.69367
-0.35103,-0.92493,-0.14588,-0.68572
0,0,1,-0.69813
0,0,-1,1.3963
0.35876,0.92211,0.14497,0.6721
-0.37225,-0.917,-0.14334,-0.65505
-0.41175,-0.90074,-0.13833,-0.61946
0.41927,0.89741,0.13734,0.61305
0,0,1,-0.69813
0,0,-1,1.3963
0.40537,0.9035,0.13917,0.64858
-0.39243,-0.90894,-0.14082,-0.63979
0.31889,0.93592,0.14955,0.71546
-0.32294,-0.9346,-0.1491,-0.70502
0,0,1,-0.69813
0,0,-1,1.3963
0.33656,0.93003,0.14756,0.68271
-0.34853,-0.92583,-0.14617,-0.66299
-0.39326,-0.90859,-0.14072,-0.61075
0.40056,0.90554,0.13979,0.60203
0,0,1,-0.69813
0,0,-1,1.3963
0.38613,0.91151,0.14162,0.64534
-0.37527,-0.91582,-0.14297,-0.63454
0.29531,0.94322,0.15211,0.73988
-0.29953,-0.94195,-0.15166,-0.72704
0,0,1,-0.69813
0,0,-1,1.3963
0.31681,0.93659,0.14978,0.69539
-0.37668,-0.91527,-0.14279,-0.60199
0.38375,0.91247,0.14192,0.59069
0,0,1,-0.69813
0,0,-1,1.3963
0.36912,0.9182,0.14372,0.6419
-0.35993,-0.92167,-0.14483,-0.62865
0.27545,0.94887,0.15418,0.76596
-0.27975,-0.94768,-0.15374,-0.75078
0,0,1,-0.69813
0,0,-1,1.3963
-0.95783,-0.28735,0,0.95783
0.35392,0.92388,0.14554,0.63807
0.25853,0.95334,0.15588,0.79301
-0.26287,-0.95223,-0.15545,-0.77548
-0.2835,-0.94663,-0.15335,-0.74483
0,0,1,1.3963
0,0,-1,-0.69813
-0.45266,-0.88174,-0.13277,0.65594
0.43392,0.89073,0.13537,-0.6494
-0.38226,-0.91306,-0.1421,0.67585
0.38527,0.91185,0.14173,-0.6705
0,0,1,1.3963
0,0,-1,-0.69813
-0.41232,-0.90049,-0.13826,0.65907
0.45622,0.87998,0.13226,-0.63761
-0.46416,-0.87599,-0.13113,0.63504
0.42975,0.89266,0.13593,-0.64857
0,0,1,1.3963
0,0,-1,-0.69813
-0.38384,-0.91243,-0.14191,0.66403
0.43256,0.89136,0.13555,-0.62831
-0.4403,-0.88772,-0.13449,0.62394
0.39914,0.90615,0.13997,-0.65003
0,0,1,1.3963
0,0,-1,-0.69813
-0.42735,-0.89376,-0.13626,0.65195
0.4118,0.90071,0.13833,-0.64463
-0.34733,-0.92626,-0.14631,0.69367
0.35103,0.92493,0.14588,-0.68572
0,0,1,1.3963
0,0,-1,-0.69813
-0.35876,-0.92211,-0.14497,0.6721
0.41175,0.90074,0.13833,-0.61946
-0.41927,-0.89741,-0.13734,0.61305
0.37225,0.917,0.14334,-0.65505
0,0,1,1.3963
0,0,-1,-0.69813
-0.40537,-0.9035,-0.13917,0.64858
0.39243,0.90894,0.14082,-0.63979
-0.31889,-0.93592,-0.14955,0.71546
0.32294,0.9346,0.1491,-0.70502
0,0,1,1.3963
0,0,-1,-0.69813
-0.33656,-0.93003,-0.14756,0.68271
0.39326,0.90859,0.14072,-0.61075
-0.40056,-0.90554,-0.13979,0.60203
0.34853,0.92583,0.14617,-0.66299
0,0,1,1.3963
0,0,-1,-0.69813
-0.38613,-0.91151,-0.14162,0.64534
0.37527,0.91582,0.14297,-0.63454
-0.29531,-0.94322,-0.15211,0.73988
0.29953,0.94195,0.15166,-0.72704
0,0,1,1.3963
0,0,-1,-0.69813
-0.31681,-0.93659,-0.14978,0.69539
0.37668,0.91527,0.14279,-0.60199
-0.38375,-0.91247,-0.14192,0.59069
0,0,1,1.3963
0,0,-1,-0.69813
-0.36912,-0.9182,-0.14372,0.6419
0.35993,0.92167,0.14483,-0.62865
-0.27545,-0.94887,-0.15418,0.76596
0.27975,0.94768,0.15374,-0.75078
0,0,1,1.3963
0,0,-1,-0.69813
-0.35392,-0.92388,-0.14554,0.63807
0.95783,0.28735,0,0.95783
-0.25853,-0.95334,-0.15588,0.79301
0.2835,0.94663,0.15335,-0.74483
0.26287,0.95223,0.15545,-0.77548
-0.4173,-0.86679,-0.27301,-0.53133
-6.4495e-14,-1.304e-13,-1,0.69813
6.4636e-14,1.3023e-13,1,1.3963
0.39929,0.87203,0.28307,0.53409
-0.44476,-0.85787,-0.2574,-0.53191
0.45301,0.85495,0.25266,0.53275
-0.38584,-0.87596,-0.28953,-0.5207
0,0,-1,0.69813
0,0,1,1.3963
0.37011,0.87981,0.29826,0.52759
-0.42038,-0.86626,-0.26993,-0.51415
0.42841,0.86376,0.26532,0.51323
-0.33663,-0.88699,-0.31613,-0.53456
0,0,-1,0.69813
0,0,1,1.3963
0.41481,0.86752,0.27448,0.53353
-0.39888,-0.87247,-0.2823,-0.52087
0.33286,0.88766,0.31821,0.54051
-0.35834,-0.88271,-0.30399,-0.51466
0,0,-1,0.69813
0,0,1,1.3963
0.34454,0.88556,0.31158,0.52513
-0.39899,-0.87282,-0.28106,-0.49763
0.40677,0.87065,0.27659,0.49469
-0.30821,-0.89195,-0.3308,-0.54125
0,0,-1,0.69813
0,0,1,1.3963
0.39225,0.87427,0.286,0.52194
-0.37904,-0.87793,-0.29252,-0.50871
0.30411,0.89254,0.33301,0.54938
-0.33419,-0.88771,-0.31668,-0.51246
0,0,-1,0.69813
0,0,1,1.3963
0.32201,0.88983,0.3233,0.52605
-0.38002,-0.878,-0.29102,-0.48195
0.38755,0.87613,0.28672,0.47672
-0.28467,-0.89521,-0.34287,-0.55222
0,0,-1,0.69813
0,0,1,1.3963
0.37256,0.87949,0.29613,0.51133
-0.36151,-0.88224,-0.3016,-0.49686
0.28043,0.89569,0.34511,0.56251
0,0,-1,0.69813
0.30206,0.893,0.33364,0.52981
-0.36305,-0.88215,-0.30001,-0.46684
0.37032,0.88052,0.29588,0.45906
-0.2649,-0.89737,-0.35292,-0.56617
0,0,-1,0.69813
0,0,1,1.3963
0.3552,0.88359,0.30511,0.50125
-0.34587,-0.88567,-0.30976,-0.485
0.26061,0.89775,0.35513,0.5786
-0.28275,-0.89558,-0.3435,-0.54887
-0.24813,-0.8988,-0.36138,-0.58212
-0.95783,-0.28735,0,0.95783
0,0,-1,0.69813
0,0,1,1.3963
0.33974,0.88685,0.31316,0.4914
-0.33179,-0.88845,-0.31714,-0.47299
0.24382,0.8991,0.36356,0.5967
-0.26868,-0.89713,-0.35068,-0.56252
-0.95783,-0.28735,0,0.95783
0.32583,0.88947,0.32042,0.48165
0.22944,0.89996,0.37071,0.61605
-0.25643,-0.89826,-0.3569,-0.57934
-0.161,-0.90058,-0.40377,-0.70544
-0.95783,-0.28735,0,0.95783
0,0,1,1.3963
0.25898,0.89798,0.35575,0.57594
0.24703,0.89895,0.36176,0.59223
0.23656,0.89964,0.36699,0.61108
0.15276,0.90034,0.4075,0.7585
-0.15276,-0.90034,-0.4075,0.7585
0,0,-1,1.3963
-0.25898,-0.89798,-0.35575,0.57594
-0.24703,-0.89895,-0.36176,0.59223
-0.23656,-0.89964,-0.36699,0.61108
0.95783,0.28735,0,0.95783
0.161,0.90058,0.40377,-0.70544
-0.26061,-0.89775,-0.35513,0.5786
0,0,-1,1.3963
-0.3552,-0.88359,-0.30511,0.50125
0.34587,0.88567,0.30976,-0.485
0,0,1,0.69813
0.2649,0.89737,0.35292,-0.56617
0.28275,0.89558,0.3435,-0.54887
-0.24382,-0.8991,-0.36356,0.5967
0,0,-1,1.3963
-0.33974,-0.88685,-0.31316,0.4914
0.33179,0.88845,0.31714,-0.47299
0.95783,0.28735,0,0.95783
0,0,1,0.69813
0.24813,0.8988,0.36138,-0.58212
0.26868,0.89713,0.35068,-0.56252
-0.22944,-0.89996,-0.37071,0.61605
-0.32583,-0.88947,-0.32042,0.48165
0.95783,0.28735,0,0.95783
0.25643,0.89826,0.3569,-0.57934
-0.28043,-0.89569,-0.34511,0.56251
0,0,-1,1.3963
-0.37256,-0.87949,-0.29613,0.51133
0.36151,0.88224,0.3016,-0.49686
0,0,1,0.69813
0.28467,0.89521,0.34287,-0.55222
-0.34454,-0.88556,-0.31158,0.52513
0,0,-1,1.3963
0,0,1,0.69813
0.35834,0.88271,0.30399,-0.51466
0.39899,0.87282,0.28106,-0.49763
-0.40677,-0.87065,-0.27659,0.49469
-0.32201,-0.88983,-0.3233,0.52605
0,0,-1,1.3963
0,0,1,0.69813
0.33419,0.88771,0.31668,-0.51246
0.38002,0.878,0.29102,-0.48195
-0.38755,-0.87613,-0.28672,0.47672
-0.30206,-0.893,-0.33364,0.52981
0,0,1,0.69813
0.36305,0.88215,0.30001,-0.46684
-0.37032,-0.88052,-0.29588,0.45906
-0.30411,-0.89254,-0.33301,0.54938
0,0,-1,1.3963
-0.39225,-0.87427,-0.286,0.52194
0.37904,0.87793,0.29252,-0.50871
0,0,1,0.69813
0.30821,0.89195,0.3308,-0.54125
-0.37011,-0.87981,-0.29826,0.52759
0,0,-1,1.3963
0,0,1,0.69813
0.38584,0.87596,0.28953,-0.5207
0.42038,0.86626,0.26993,-0.51415
-0.42841,-0.86376,-0.26532,0.51323
-0.33286,-0.88766,-0.31821,0.54051
0,0,-1,1.3963
-0.41481,-0.86752,-0.27448,0.53353
0.39888,0.87247,0.2823,-0.52087
0,0,1,0.69813
0.33663,0.88699,0.31613,-0.53456
-0.49505,-0.83716,-0.23256,-0.56986
7.9928e-14,2.6641e-13,-1,0.69813
-7.3129e-14,-2.5979e-13,1,1.3963
0.47071,0.84728,0.24607,0.56213
-0.50527,-0.83262,-0.22681,-0.57382
0.51403,0.82858,0.22187,0.57758
-0.45345,-0.85428,-0.25413,-0.5474
1.6349e-13,3.2974e-13,-1,0.69813
-1.6302e-13,-3.2208e-13,1,1.3963
0.43268,0.86149,0.26574,0.54537
-0.47279,-0.84696,-0.24315,-0.55153
0.48127,0.84356,0.23831,0.55391
-0.41517,-0.86712,-0.2752,-0.54191
0,0,-1,0.69813
0,0,1,1.3963
0.47071,0.84728,0.24607,0.56213
-0.44786,-0.85627,-0.25736,-0.54821
0.41319,0.86769,0.27637,0.5437
-0.37152,-0.8793,-0.298,-0.53393
0,0,-1,0.69813
0,0,1,1.3963
0.44085,0.85873,0.26123,0.54671
-0.4216,-0.86544,-0.2707,-0.5338
0.36842,0.88,0.29977,0.53772
-0.36682,-0.88036,-0.30068,0.53978
6.4782e-14,-9.226e-14,-1,1.3963
-0.41319,-0.86769,-0.27637,0.5437
0.39479,0.87326,0.28559,-0.53605
0,-4.7254e-13,1,0.69813
0.36842,0.88,0.29977,-0.53772
-0.38257,-0.8765,-0.29222,0.53689
0,6.5947e-14,-1,1.3963
-6.1211e-14,-1.3377e-13,1,0.69813
0.39929,0.87203,0.28307,-0.53409
0.41481,0.86752,0.27448,-0.53353
-0.4216,-0.86544,-0.2707,0.5338
0,2.2959e-13,1,-0.69813
0,-2.2959e-13,-1,1.3963
0.39607,0.90743,0.14036,0.66905
-0.41232,-0.90049,-0.13826,-0.65907
-0.42735,-0.89376,-0.13626,-0.65195
0.43392,0.89073,0.13537,0.6494
8.8818e-14,2.7445e-13,1,-0.69813
-8.8818e-14,-2.7445e-13,-1,1.3963
0.42591,0.89442,0.13645,0.66407
-0.40796,-0.90238,-0.13883,-0.66304
0.3807,0.91368,0.1423,0.67872
-0.38226,-0.91306,-0.1421,-0.67585
0,0,1,-0.69813
0,0,-1,1.3963
0.36958,0.91803,0.14366,0.67727
-0.38384,-0.91243,-0.14191,-0.66403
-0.40537,-0.9035,-0.13917,-0.64858
0.4118,0.90071,0.13833,0.64463
0,0,1,-0.69813
0,0,-1,1.3963
0.40248,0.90473,0.13954,0.66563
-0.38723,-0.91106,-0.14148,-0.66387
0.34484,0.92714,0.14661,0.69919
-0.34733,-0.92626,-0.14631,-0.69367
0,0,1,-0.69813
0,0,-1,1.3963
0.34615,0.92668,0.14645,0.68817
-0.35876,-0.92211,-0.14497,-0.6721
-0.38613,-0.91151,-0.14162,-0.64534
0.39243,0.90894,0.14082,0.63979
0,0,1,-0.69813
0,0,-1,1.3963
0.38188,0.91322,0.14215,0.66758
-0.36916,-0.91819,-0.14371,-0.66444
0.3158,0.93691,0.14989,0.72357
-0.31889,-0.93592,-0.14955,-0.71546
0,0,1,-0.69813
0,0,-1,1.3963
0.32534,0.93381,0.14883,0.70127
-0.33656,-0.93003,-0.14756,-0.68271
-0.36912,-0.9182,-0.14372,-0.6419
0.37527,0.91582,0.14297,0.63454
0,0,1,-0.69813
0,0,-1,1.3963
0.36388,0.92019,0.14435,0.66942
-0.35323,-0.92413,-0.14562,-0.66439
0.29188,0.94422,0.15247,0.75044
-0.29531,-0.94322,-0.15211,-0.73988
0,0,1,-0.69813
0,0,-1,1.3963
0.30677,0.93975,0.15088,0.71618
-0.31681,-0.93659,-0.14978,-0.69539
-0.35392,-0.92388,-0.14554,-0.63807
0.35993,0.92167,0.14483,0.62865
0,0,1,-0.69813
0,0,-1,1.3963
0.34804,0.92601,0.14623,0.6708
-0.33906,-0.92917,-0.14727,-0.66348
0.27185,0.94985,0.15454,0.77886
-0.27545,-0.94887,-0.15418,-0.76596
0,0,1,-0.69813
0,0,-1,1.3963
-0.95783,-0.28735,0,0.95783
0.33395,0.93092,0.14786,0.67153
-0.25853,-0.95334,-0.15588,-0.79301
0,1.2834e-13,1,1.3963
0,-1.2834e-13,-1,-0.69813
-0.39607,-0.90743,-0.14036,0.66905
0.42735,0.89376,0.13626,-0.65195
-0.43392,-0.89073,-0.13537,0.6494
0.41232,0.90049,0.13826,-0.65907
1.3933e-13,3.4595e-13,1,1.3963
-1.3933e-13,-3.4595e-13,-1,-0.69813
-0.42591,-0.89442,-0.13645,0.66407
0.40796,0.90238,0.13883,-0.66304
-0.3807,-0.91368,-0.1423,0.67872
0.38226,0.91306,0.1421,-0.67585
0,0,1,1.3963
0,0,-1,-0.69813
-0.36958,-0.91803,-0.14366,0.67727
0.40537,0.9035,0.13917,-0.64858
-0.4118,-0.90071,-0.13833,0.64463
0.38384,0.91243,0.14191,-0.66403
0,0,1,1.3963
0,0,-1,-0.69813
-0.40248,-0.90473,-0.13954,0.66563
0.38723,0.91106,0.14148,-0.66387
-0.34484,-0.92714,-0.14661,0.69919
0.34733,0.92626,0.14631,-0.69367
0,0,1,1.3963
0,0,-1,-0.69813
-0.34615,-0.92668,-0.14645,0.68817
0.38613,0.91151,0.14162,-0.64534
-0.39243,-0.90894,-0.14082,0.63979
0.35876,0.92211,0.14497,-0.6721
0,0,1,1.3963
0,0,-1,-0.69813
-0.38188,-0.91322,-0.14215,0.66758
0.36916,0.91819,0.14371,-0.66444
-0.3158,-0.93691,-0.14989,0.72357
0.31889,0.93592,0.14955,-0.71546
0,0,1,1.3963
0,0,-1,-0.69813
-0.32534,-0.93381,-0.14883,0.70127
0.36912,0.9182,0.14372,-0.6419
-0.37527,-0.91582,-0.14297,0.63454
0.33656,0.93003,0.14756,-0.68271
0,0,1,1.3963
0,0,-1,-0.69813
-0.36388,-0.92019,-0.14435,0.66942
0.35323,0.92413,0.14562,-0.66439
-0.29188,-0.94422,-0.15247,0.75044
0.29531,0.94322,0.15211,-0.73988
0,0,1,1.3963
0,0,-1,-0.69813
-0.30677,-0.93975,-0.15088,0.71618
0.35392,0.92388,0.14554,-0.63807
-0.35993,-0.92167,-0.14483,0.62865
0.31681,0.93659,0.14978,-0.69539
0,0,1,1.3963
0,0,-1,-0.69813
-0.34804,-0.92601,-0.14623,0.6708
0.33906,0.92917,0.14727,-0.66348
-0.27185,-0.94985,-0.15454,0.77886
0.27545,0.94887,0.15418,-0.76596
0,0,1,1.3963
0,0,-1,-0.69813
-0.33395,-0.93092,-0.14786,0.67153
0.95783,0.28735,0,0.95783
0.25853,0.95334,0.15588,-0.79301
-0.39929,-0.87203,-0.28307,-0.53409
0,-3.9344e-14,-1,0.69813
0,3.6304e-14,1,1.3963
0.38257,0.8765,0.29222,0.53689
-0.41481,-0.86752,-0.27448,-0.53353
0.4216,0.86544,0.2707,0.5338
-0.37011,-0.87981,-0.29826,-0.52759
0,0,-1,0.69813
0,0,1,1.3963
0.35551,0.88308,0.30622,0.53419
-0.39225,-0.87427,-0.286,-0.52194
0.39888,0.87247,0.2823,0.52087
-0.33286,-0.88766,-0.31821,-0.54051
0,0,-1,0.69813
0,0,1,1.3963
0.38916,0.87478,0.28865,0.53627
-0.37359,-0.87896,-0.29641,-0.52884
0.33032,0.88811,0.31961,0.54466
-0.34454,-0.88556,-0.31158,-0.52513
0,0,-1,0.69813
0,0,1,1.3963
0.33169,0.88798,0.31854,0.53503
-0.37256,-0.87949,-0.29613,-0.51133
0.37904,0.87793,0.29252,0.50871
-0.30411,-0.89254,-0.33301,-0.54938
0,0,-1,0.69813
0,0,1,1.3963
0.3681,0.88026,0.2994,0.53013
-0.35515,-0.88336,-0.30583,-0.52226
0.30099,0.89296,0.33469,0.55571
-0.32201,-0.88983,-0.3233,-0.52605
0,0,-1,0.69813
0,0,1,1.3963
0.31064,0.89163,0.3294,0.53884
-0.3552,-0.88359,-0.30511,-0.50125
0.36151,0.88224,0.3016,0.49686
-0.28043,-0.89569,-0.34511,-0.56251
0,0,-1,0.69813
0,0,1,1.3963
0.34976,0.88449,0.30877,0.52475
-0.33897,-0.8868,-0.31413,-0.5158
0.27699,0.89606,0.34691,0.57099
-0.30206,-0.893,-0.33364,-0.52981
0,0,-1,0.69813
0,0,1,1.3963
0.29195,0.89434,0.339,0.54516
-0.33974,-0.88685,-0.31316,-0.4914
0.34587,0.88567,0.30976,0.485
-0.26061,-0.89775,-0.35513,-0.5786
0,0,-1,0.69813
0,0,1,1.3963
0.33367,0.88779,0.31701,0.51967
-0.3246,-0.88953,-0.32153,-0.50914
0.25703,0.89805,0.35699,0.58918
-0.95783,-0.28735,0,0.95783
0.27526,0.89635,0.34753,0.55356
-0.32583,-0.88947,-0.32042,-0.48165
0.33179,0.88845,0.31714,0.47299
-0.24382,-0.8991,-0.36356,-0.5967
-0.95783,-0.28735,0,0.95783
0,0,-1,0.69813
0,0,1,1.3963
0.31941,0.89038,0.32433,0.51459
-0.31171,-0.8917,-0.32818,-0.50206
0.24016,0.89933,0.36542,0.60934
-0.25898,-0.89798,-0.35575,-0.57594
-0.22944,-0.89996,-0.37071,-0.61605
-0.95783,-0.28735,0,0.95783
0,0,1,1.3963
0.30664,0.89245,0.3309,0.50931
-0.30005,-0.89346,-0.33421,-0.49448
0.22574,0.90014,0.37256,0.63078
-0.24703,-0.89895,-0.36176,-0.59223
-0.95783,-0.28735,0,0.95783
0,0,1,1.3963
0.2951,0.89412,0.33685,0.50375
0.2133,0.90062,0.37866,0.6529
-0.23656,-0.89964,-0.36699,-0.61108
-0.15276,-0.90034,-0.4075,-0.7585
-0.95783,-0.28735,0,0.95783
0,0,1,1.3963
0.22849,0.90005,0.37108,0.62566
0,0,-1,1.3963
-0.22849,-0.90005,-0.37108,0.62566
0.95783,0.28735,0,0.95783
0.15276,0.90034,0.4075,-0.7585
-0.24016,-0.89933,-0.36542,0.60934
0,0,-1,1.3963
-0.31941,-0.89038,-0.32433,0.51459
0.31171,0.8917,0.32818,-0.50206
0.95783,0.28735,0,0.95783
0,0,1,0.69813
0.24382,0.8991,0.36356,-0.5967
0.25898,0.89798,0.35575,-0.57594
-0.22574,-0.90014,-0.37256,0.63078
0,0,-1,1.3963
-0.30664,-0.89245,-0.3309,0.50931
0.30005,0.89346,0.33421,-0.49448
0.95783,0.28735,0,0.95783
0.22944,0.89996,0.37071,-0.61605
0.24703,0.89895,0.36176,-0.59223
-0.2133,-0.90062,-0.37866,0.6529
0,0,-1,1.3963
-0.2951,-0.89412,-0.33685,0.50375
0.95783,0.28735,0,0.95783
0.23656,0.89964,0.36699,-0.61108
-0.25703,-0.89805,-0.35699,0.58918
0,0,-1,1.3963
-0.33367,-0.88779,-0.31701,0.51967
0.3246,0.88953,0.32153,-0.50914
0,0,1,0.69813
0.26061,0.89775,0.35513,-0.5786
-0.31064,-0.89163,-0.3294,0.53884
0,0,-1,1.3963
0,0,1,0.69813
0.32201,0.88983,0.3233,-0.52605
0.3552,0.88359,0.30511,-0.50125
-0.36151,-0.88224,-0.3016,0.49686
-0.29195,-0.89434,-0.339,0.54516
0,0,-1,1.3963
0,0,1,0.69813
0.30206,0.893,0.33364,-0.52981
0.33974,0.88685,0.31316,-0.4914
-0.34587,-0.88567,-0.30976,0.485
-0.27526,-0.89635,-0.34753,0.55356
0.95783,0.28735,0,0.95783
0.32583,0.88947,0.32042,-0.48165
-0.33179,-0.88845,-0.31714,0.47299
-0.27699,-0.89606,-0.34691,0.57099
0,0,-1,1.3963
-0.34976,-0.88449,-0.30877,0.52475
0.33897,0.8868,0.31413,-0.5158
0,0,1,0.69813
0.28043,0.89569,0.34511,-0.56251
-0.33169,-0.88798,-0.31854,0.53503
0,0,-1,1.3963
0,0,1,0.69813
0.34454,0.88556,0.31158,-0.52513
0.37256,0.87949,0.29613,-0.51133
-0.37904,-0.87793,-0.29252,0.50871
-0.30099,-0.89296,-0.33469,0.55571
0,0,-1,1.3963
-0.3681,-0.88026,-0.2994,0.53013
0.35515,0.88336,0.30583,-0.52226
0,0,1,0.69813
0.30411,0.89254,0.33301,-0.54938
-0.35551,-0.88308,-0.30622,0.53419
0,0,-1,1.3963
0,-1.6693e-13,1,0.69813
0.37011,0.87981,0.29826,-0.52759
0.39225,0.87427,0.286,-0.52194
-0.39888,-0.87247,-0.2823,0.52087
-0.33032,-0.88811,-0.31961,0.54466
0,0,-1,1.3963
-0.38916,-0.87478,-0.28865,0.53627
0.37359,0.87896,0.29641,-0.52884
0,-1.0454e-13,1,0.69813
0.33286,0.88766,0.31821,-0.54051
-0.43268,-0.86149,-0.26574,-0.54537
4.5969e-13,9.4368e-13,-1,0.69813
-4.5813e-13,-9.3792e-13,1,1.3963
0.41319,0.86769,0.27637,0.5437
-0.44085,-0.85873,-0.26123,-0.54671
0.44786,0.85627,0.25736,0.54821
-0.36842,-0.88,-0.29977,-0.53772
6.8236e-14,2.7231e-13,-1,0.69813
-6.9486e-14,-2.6112e-13,1,1.3963
0.41319,0.86769,0.27637,0.5437
-0.39479,-0.87326,-0.28559,-0.53605
0.36682,0.88036,0.30068,0.53978
-0.36682,-0.88036,-0.30068,0.53978
6.453e-13,8.0802e-13,-1,1.3963
-1.5697e-13,-1.4699e-12,1,0.69813
0.38257,0.8765,0.29222,-0.53689
0.38916,0.87478,0.28865,-0.53627
-0.39479,-0.87326,-0.28559,0.53605
1.2129e-13,3.4772e-13,1,-0.69813
-1.2129e-13,-3.4772e-13,-1,1.3963
0.35624,0.92303,0.14527,0.6899
-0.36958,-0.91803,-0.14366,-0.67727
-0.38188,-0.91322,-0.14215,-0.66758
0.38723,0.91106,0.14148,0.66387
6.2644e-14,3.1175e-13,1,-0.69813
-6.2644e-14,-3.1175e-13,-1,1.3963
0.3807,0.91368,0.1423,0.67872
-0.36601,-0.91939,-0.1441,-0.68181
0.34355,0.9276,0.14676,0.70214
-0.34484,-0.92714,-0.14661,-0.69919
0,0,1,-0.69813
0,0,-1,1.3963
0.33434,0.93079,0.14782,0.70342
-0.34615,-0.92668,-0.14645,-0.68817
-0.36388,-0.92019,-0.14435,-0.66942
0.36916,0.91819,0.14371,0.66444
0,0,1,-0.69813
0,0,-1,1.3963
0.36151,0.92108,0.14464,0.68537
-0.34895,-0.92568,-0.14613,-0.68725
0.31372,0.93757,0.15012,0.7292
-0.3158,-0.93691,-0.14989,-0.72357
0,0,1,-0.69813
0,0,-1,1.3963
0.31481,0.93723,0.15,0.71885
-0.32534,-0.93381,-0.14883,-0.70127
-0.34804,-0.92601,-0.14623,-0.6708
0.35323,0.92413,0.14562,0.66439
0,0,1,-0.69813
0,0,-1,1.3963
0.34452,0.92725,0.14664,0.69182
-0.33399,-0.93091,-0.14786,-0.69191
0.28927,0.94498,0.15275,0.75864
-0.29188,-0.94422,-0.15247,-0.75044
0,0,1,-0.69813
0,0,-1,1.3963
-0.95783,-0.28735,0,0.95783
0.29733,0.94261,0.1519,0.73586
-0.30677,-0.93975,-0.15088,-0.71618
-0.33395,-0.93092,-0.14786,-0.67153
0.33906,0.92917,0.14727,0.66348
0,0,1,-0.69813
0,0,-1,1.3963
-0.95783,-0.28735,0,0.95783
0.3296,0.93239,0.14835,0.69764
-0.32073,-0.93532,-0.14935,-0.69557
0.26893,0.95063,0.15484,0.78949
-0.27185,-0.94985,-0.15454,-0.77886
6.2006e-14,1.2923e-13,1,1.3963
-6.2006e-14,-1.2923e-13,-1,-0.69813
-0.35624,-0.92303,-0.14527,0.6899
0.38188,0.91322,0.14215,-0.66758
-0.38723,-0.91106,-0.14148,0.66387
0.36958,0.91803,0.14366,-0.67727
0,1.8696e-13,1,1.3963
0,-1.8696e-13,-1,-0.69813
-0.3807,-0.91368,-0.1423,0.67872
0.36601,0.91939,0.1441,-0.68181
-0.34355,-0.9276,-0.14676,0.70214
0.34484,0.92714,0.14661,-0.69919
0,0,1,1.3963
0,0,-1,-0.69813
-0.33434,-0.93079,-0.14782,0.70342
0.36388,0.92019,0.14435,-0.66942
-0.36916,-0.91819,-0.14371,0.66444
0.34615,0.92668,0.14645,-0.68817
0,0,1,1.3963
0,0,-1,-0.69813
-0.36151,-0.92108,-0.14464,0.68537
0.34895,0.92568,0.14613,-0.68725
-0.31372,-0.93757,-0.15012,0.7292
0.3158,0.93691,0.14989,-0.72357
0,0,1,1.3963
0,0,-1,-0.69813
-0.31481,-0.93723,-0.15,0.71885
0.34804,0.92601,0.14623,-0.6708
-0.35323,-0.92413,-0.14562,0.66439
0.32534,0.93381,0.14883,-0.70127
0,0,1,1.3963
0,0,-1,-0.69813
-0.34452,-0.92725,-0.14664,0.69182
0.33399,0.93091,0.14786,-0.69191
-0.28927,-0.94498,-0.15275,0.75864
0.29188,0.94422,0.15247,-0.75044
0,0,1,1.3963
0,0,-1,-0.69813
0.95783,0.28735,0,0.95783
-0.29733,-0.94261,-0.1519,0.73586
0.33395,0.93092,0.14786,-0.67153
-0.33906,-0.92917,-0.14727,0.66348
0.30677,0.93975,0.15088,-0.71618
0,0,1,1.3963
0,0,-1,-0.69813
-0.3296,-0.93239,-0.14835,0.69764
0.32073,0.93532,0.14935,-0.69557
0.95783,0.28735,0,0.95783
-0.26893,-0.95063,-0.15484,0.78949
0.27185,0.94985,0.15454,-0.77886
-0.38257,-0.8765,-0.29222,-0.53689
-2.0816e-13,-2.8412e-13,-1,0.69813
2.0802e-13,2.8544e-13,1,1.3963
0.36682,0.88036,0.30068,0.53978
-0.38916,-0.87478,-0.28865,-0.53627
0.39479,0.87326,0.28559,0.53605
-0.35551,-0.88308,-0.30622,-0.53419
1.4098e-13,3.0309e-13,-1,0.69813
-1.428e-13,-3.0809e-13,1,1.3963
0.3419,0.88589,0.31352,0.54059
-0.3681,-0.88026,-0.2994,-0.53013
0.37359,0.87896,0.29641,0.52884
-0.33032,-0.88811,-0.31961,-0.54466
1.8212e-13,6.0449e-13,-1,0.69813
-1.7742e-13,-6.0485e-13,1,1.3963
0.36682,0.88036,0.30068,0.53978
-0.35186,-0.88385,-0.30822,-0.53699
0.32901,0.88833,0.32034,0.54691
-0.33169,-0.88798,-0.31854,-0.53503
0,0,-1,0.69813
0,0,1,1.3963
0.31971,0.89006,0.32493,0.54447
-0.34976,-0.88449,-0.30877,-0.52475
0.35515,0.88336,0.30583,0.52226
-0.30099,-0.89296,-0.33469,-0.55571
0,0,-1,0.69813
0,0,1,1.3963
0.34727,0.88481,0.31067,0.5385
-0.33454,-0.88745,-0.31704,-0.53533
0.29888,0.89325,0.33582,0.56012
-0.31064,-0.89163,-0.3294,-0.53884
0,0,-1,0.69813
0,0,1,1.3963
0.30001,0.89317,0.33503,0.55097
-0.33367,-0.88779,-0.31701,-0.51967
0.33897,0.8868,0.31413,0.5158
-0.27699,-0.89606,-0.34691,-0.57099
0,0,-1,0.69813
0,0,1,1.3963
0.33004,0.88827,0.31944,0.5378
-0.31939,-0.89024,-0.32475,-0.53368
0.27438,0.89633,0.34829,0.57758
-0.29195,-0.89434,-0.339,-0.54516
-0.95783,-0.28735,0,0.95783
0,0,-1,0.69813
0,0,1,1.3963
0.28246,0.89549,0.34398,0.55966
-0.31941,-0.89038,-0.32433,-0.51459
0.3246,0.88953,0.32153,0.50914
-0.25703,-0.89805,-0.35699,-0.58918
-0.95783,-0.28735,0,0.95783
0,0,-1,0.69813
0,0,1,1.3963
0.31495,0.89095,0.32712,0.53723
-0.30602,-0.89242,-0.33157,-0.53167
0.25412,0.89828,0.35849,0.59789
-0.27526,-0.89635,-0.34753,-0.55356
-0.95783,-0.28735,0,0.95783
0,0,1,1.3963
0.26676,0.8972,0.35195,0.5702
-0.30664,-0.89245,-0.3309,-0.50931
0.31171,0.8917,0.32818,0.50206
-0.24016,-0.89933,-0.36542,-0.60934
-0.95783,-0.28735,0,0.95783
0,0,1,1.3963
0.30164,0.89305,0.33389,0.53647
-0.29409,-0.89415,-0.33765,-0.52908
0.23709,0.89951,0.36697,0.6201
-0.95783,-0.28735,0,0.95783
0,0,1,1.3963
0.25264,0.89847,0.35907,0.58228
-0.2951,-0.89412,-0.33685,-0.50375
0.30005,0.89346,0.33421,0.49448
-0.22574,-0.90014,-0.37256,-0.63078
-0.95783,-0.28735,0,0.95783
0,0,1,1.3963
0.28977,0.8947,0.33993,0.53531
-0.28334,-0.89553,-0.34313,-0.52578
0.22258,0.90027,0.37413,0.64355
-0.2133,-0.90062,-0.37866,-0.6529
-0.95783,-0.28735,0,0.95783
0,0,1,1.3963
0.2791,0.89601,0.34536,0.53364
-0.22849,-0.90005,-0.37108,-0.62566
0,0,-1,1.3963
-0.2791,-0.89601,-0.34536,0.53364
0.95783,0.28735,0,0.95783
0.2133,0.90062,0.37866,-0.6529
0.22849,0.90005,0.37108,-0.62566
-0.23709,-0.89951,-0.36697,0.6201
0,0,-1,1.3963
-0.30164,-0.89305,-0.33389,0.53647
0.29409,0.89415,0.33765,-0.52908
0.95783,0.28735,0,0.95783
0.24016,0.89933,0.36542,-0.60934
-0.28246,-0.89549,-0.34398,0.55966
0,0,-1,1.3963
0.95783,0.28735,0,0.95783
0,0,1,0.69813
0.29195,0.89434,0.339,-0.54516
0.31941,0.89038,0.32433,-0.51459
-0.3246,-0.88953,-0.32153,0.50914
-0.26676,-0.8972,-0.35195,0.5702
0,0,-1,1.3963
0.95783,0.28735,0,0.95783
0.27526,0.89635,0.34753,-0.55356
0.30664,0.89245,0.3309,-0.50931
-0.31171,-0.8917,-0.32818,0.50206
-0.22258,-0.90027,-0.37413,0.64355
0,0,-1,1.3963
-0.28977,-0.8947,-0.33993,0.53531
0.28334,0.89553,0.34313,-0.52578
0.95783,0.28735,0,0.95783
0.22574,0.90014,0.37256,-0.63078
-0.25264,-0.89847,-0.35907,0.58228
0,0,-1,1.3963
0.95783,0.28735,0,0.95783
0.2951,0.89412,0.33685,-0.50375
-0.30005,-0.89346,-0.33421,0.49448
-0.25412,-0.89828,-0.35849,0.59789
0,0,-1,1.3963
-0.31495,-0.89095,-0.32712,0.53723
0.30602,0.89242,0.33157,-0.53167
0.95783,0.28735,0,0.95783
0,0,1,0.69813
0.25703,0.89805,0.35699,-0.58918
-0.30001,-0.89317,-0.33503,0.55097
0,0,-1,1.3963
0,-2.0487e-13,1,0.69813
0.31064,0.89163,0.3294,-0.53884
0.33367,0.88779,0.31701,-0.51967
-0.33897,-0.8868,-0.31413,0.5158
-0.27438,-0.89633,-0.34829,0.57758
0,0,-1,1.3963
-0.33004,-0.88827,-0.31944,0.5378
0.31939,0.89024,0.32475,-0.53368
0,0,1,0.69813
0.27699,0.89606,0.34691,-0.57099
-0.31971,-0.89006,-0.32493,0.54447
0,0,-1,1.3963
0,0,1,0.69813
0.33169,0.88798,0.31854,-0.53503
0.34976,0.88449,0.30877,-0.52475
-0.35515,-0.88336,-0.30583,0.52226
-0.29888,-0.89325,-0.33582,0.56012
0,0,-1,1.3963
-0.34727,-0.88481,-0.31067,0.5385
0.33454,0.88745,0.31704,-0.53533
-1.0198e-13,-3.6358e-13,1,0.69813
0.30099,0.89296,0.33469,-0.55571
-0.3419,-0.88589,-0.31352,0.54059
-5.2416e-14,7.2942e-14,-1,1.3963
-3.2021e-13,-6.9596e-13,1,0.69813
0.35551,0.88308,0.30622,-0.53419
0.3681,0.88026,0.2994,-0.53013
-0.37359,-0.87896,-0.29641,0.52884
-0.32901,-0.88833,-0.32034,0.54691
-4.1675e-14,-2.3714e-13,-1,1.3963
-0.36682,-0.88036,-0.30068,0.53978
0.35186,0.88385,0.30822,-0.53699
-5.1881e-13,-1.9646e-12,1,0.69813
0.33032,0.88811,0.31961,-0.54466
-1.0278e-13,-2.6912e-13,1,-0.69813
1.0278e-13,2.6912e-13,-1,1.3963
0.30491,0.94032,0.15108,0.73561
-0.31481,-0.93723,-0.15,-0.71885
-0.3296,-0.93239,-0.14835,-0.69764
0.33399,0.93091,0.14786,0.69191
0,-1.35e-13,1,-0.69813
0,1.35e-13,-1,1.3963
0.32763,0.93305,0.14858,0.71265
-0.31715,-0.93648,-0.14975,-0.71735
0.2875,0.94549,0.15293,0.76432
-0.28927,-0.94498,-0.15275,-0.75864
0,0,1,-0.69813
0,0,-1,1.3963
-0.95783,-0.28735,0,0.95783
-0.29733,-0.94261,-0.1519,-0.73586
0.32073,0.93532,0.14935,0.69557
0,0,1,-0.69813
0,0,-1,1.3963
-0.95783,-0.28735,0,0.95783
0.31345,0.93766,0.15015,0.72257
0.26669,0.95123,0.15507,0.79774
-0.26893,-0.95063,-0.15484,-0.78949
1.982e-13,4.8717e-13,1,1.3963
-0.35925,-0.92104,-0.15043,0.66724
-0.32324,-0.9345,-0.14907,0.71801
0.34452,0.92725,0.14664,-0.69182
-0.34895,-0.92568,-0.14613,0.68725
0.33434,0.93079,0.14782,-0.70342
0,-2.1627e-13,1,1.3963
0,2.1627e-13,-1,-0.69813
-0.30491,-0.94032,-0.15108,0.73561
0.3296,0.93239,0.14835,-0.69764
-0.33399,-0.93091,-0.14786,0.69191
0.31481,0.93723,0.15,-0.71885
0,0,1,1.3963
0,0,-1,-0.69813
-0.32763,-0.93305,-0.14858,0.71265
0.31715,0.93648,0.14975,-0.71735
-0.2875,-0.94549,-0.15293,0.76432
0.28927,0.94498,0.15275,-0.75864
0,0,1,1.3963
0,0,-1,-0.69813
0.95783,0.28735,0,0.95783
-0.32073,-0.93532,-0.14935,0.69557
0.29733,0.94261,0.1519,-0.73586
0,0,1,1.3963
0,0,-1,-0.69813
-0.31345,-0.93766,-0.15015,0.72257
0.95783,0.28735,0,0.95783
-0.26669,-0.95123,-0.15507,0.79774
0.26893,0.95063,0.15484,-0.78949
-0.3419,-0.88589,-0.31352,-0.54059
5.9028e-13,1.7591e-12,-1,0.69813
-5.8867e-13,-1.7706e-12,1,1.3963
0.32901,0.88833,0.32034,0.54691
-0.34727,-0.88481,-0.31067,-0.5385
0.35186,0.88385,0.30822,0.53699
-0.31971,-0.89006,-0.32493,-0.54447
-1.0145e-13,-2.1309e-13,-1,0.69813
1.0329e-13,2.2149e-13,1,1.3963
0.30848,0.89184,0.33085,0.55358
-0.33004,-0.88827,-0.31944,-0.5378
0.33454,0.88745,0.31704,0.53533
-0.29888,-0.89325,-0.33582,-0.56012
5.8093e-14,4.7708e-13,-1,0.69813
-5.5601e-14,-4.6863e-13,1,1.3963
0.32901,0.88833,0.32034,0.54691
-0.3167,-0.89055,-0.32654,-0.54789
0.2978,0.89339,0.33641,0.56249
-0.30001,-0.89317,-0.33503,-0.55097
0,-4.9952e-14,-1,0.69813
0,4.9627e-14,1,1.3963
0.29004,0.89449,0.34024,0.56255
-0.31495,-0.89095,-0.32712,-0.53723
0.31939,0.89024,0.32475,0.53368
-0.27438,-0.89633,-0.34829,-0.57758
0,7.4454e-14,-1,0.69813
0,-6.9944e-14,1,1.3963
0.31292,0.89115,0.32853,0.55037
-0.30237,-0.89283,-0.33381,-0.55054
0.27261,0.89651,0.34921,0.58217
-0.28246,-0.89549,-0.34398,-0.55966
-0.95783,-0.28735,0,0.95783
0,-7.398e-14,-1,0.69813
0,7.6938e-14,1,1.3963
0.27355,0.89646,0.3486,0.57347
-0.30164,-0.89305,-0.33389,-0.53647
0.30602,0.89242,0.33157,0.53167
-0.25412,-0.89828,-0.35849,-0.59789
-0.95783,-0.28735,0,0.95783
0,0,-1,0.69813
0,0,1,1.3963
0.29864,0.89335,0.33576,0.55389
-0.28977,-0.8946,-0.34018,-0.55274
0.2519,0.89845,0.35963,0.60466
-0.26676,-0.8972,-0.35195,-0.5702
-0.95783,-0.28735,0,0.95783
0,-1.229e-13,1,1.3963
0.25875,0.89792,0.35607,0.586
-0.28977,-0.8947,-0.33993,-0.53531
0.29409,0.89415,0.33765,0.52908
-0.23709,-0.89951,-0.36697,-0.6201
-0.95783,-0.28735,0,0.95783
0,0,1,1.3963
0.28607,0.89506,0.34211,0.5571
-0.27859,-0.89599,-0.34583,-0.55424
0.23459,0.89965,0.36823,0.62897
-0.25264,-0.89847,-0.35907,-0.58228
-0.95783,-0.28735,0,0.95783
0,0,1,1.3963
-0.2791,-0.89601,-0.34536,-0.53364
0.28334,0.89553,0.34313,0.52578
-0.22258,-0.90027,-0.37413,-0.64355
-0.95783,-0.28735,0,0.95783
0,0,1,1.3963
0.27491,0.89638,0.34774,0.55975
0.21992,0.90037,0.37545,0.65443
0,0,-1,1.3963
0.95783,0.28735,0,0.95783
0.25264,0.89847,0.35907,-0.58228
0.2791,0.89601,0.34536,-0.53364
-0.28334,-0.89553,-0.34313,0.52578
-0.23459,-0.89965,-0.36823,0.62897
0,0,-1,1.3963
-0.28607,-0.89506,-0.34211,0.5571
0.27859,0.89599,0.34583,-0.55424
0.95783,0.28735,0,0.95783
0.23709,0.89951,0.36697,-0.6201
-0.27355,-0.89646,-0.3486,0.57347
0,0,-1,1.3963
0.95783,0.28735,0,0.95783
0,0,1,0.69813
0.28246,0.89549,0.34398,-0.55966
0.30164,0.89305,0.33389,-0.53647
-0.30602,-0.89242,-0.33157,0.53167
-0.25875,-0.89792,-0.35607,0.586
0,0,-1,1.3963
0.95783,0.28735,0,0.95783
0.26676,0.8972,0.35195,-0.5702
0.28977,0.8947,0.33993,-0.53531
-0.29409,-0.89415,-0.33765,0.52908
-0.21992,-0.90037,-0.37545,0.65443
0,0,-1,1.3963
-0.27491,-0.89638,-0.34774,0.55975
0.95783,0.28735,0,0.95783
0.22258,0.90027,0.37413,-0.64355
-0.2519,-0.89845,-0.35963,0.60466
0,0,-1,1.3963
-0.29864,-0.89335,-0.33576,0.55389
0.28977,0.8946,0.34018,-0.55274
0.95783,0.28735,0,0.95783
0,-1.3848e-13,1,0.69813
0.25412,0.89828,0.35849,-0.59789
-0.29004,-0.89449,-0.34024,0.56255
-5.7392e-14,-2.025e-13,-1,1.3963
-9.5933e-14,-1.448e-13,1,0.69813
0.30001,0.89317,0.33503,-0.55097
0.31495,0.89095,0.32712,-0.53723
-0.31939,-0.89024,-0.32475,0.53368
-0.27261,-0.89651,-0.34921,0.58217
0,0,-1,1.3963
-0.31292,-0.89115,-0.32853,0.55037
0.30237,0.89283,0.33381,-0.55054
-2.0383e-13,-4.6048e-13,1,0.69813
0.27438,0.89633,0.34829,-0.57758
-0.30848,-0.89184,-0.33085,0.55358
6.6655e-14,0,-1,1.3963
-2.1591e-13,-1.2848e-12,1,0.69813
0.31971,0.89006,0.32493,-0.54447
0.33004,0.88827,0.31944,-0.5378
-0.33454,-0.88745,-0.31704,0.53533
-0.2978,-0.89339,-0.33641,0.56249
-1.5284e-13,-4.0101e-13,-1,1.3963
-0.32901,-0.88833,-0.32034,0.54691
0.3167,0.89055,0.32654,-0.54789
-1.7072e-12,-4.1377e-12,1,0.69813
0.29888,0.89325,0.33582,-0.56012
-0.32901,-0.88833,-0.32034,0.54691
7.5252e-14,-7.5207e-13,-1,1.3963
-4.4961e-13,-2.3661e-12,1,0.69813
0.3419,0.88589,0.31352,-0.54059
0.34727,0.88481,0.31067,-0.5385
-0.35186,-0.88385,-0.30822,0.53699
0,0,1,-0.69813
0,0,-1,1.3963
-0.95783,-0.28735,0,0.95783
0.29926,0.94204,0.15169,0.74569
0.26518,0.95162,0.15522,0.80345
-0.26669,-0.95123,-0.15507,-0.79774
0,-1.2124e-13,1,1.3963
0,1.2124e-13,-1,-0.69813
-0.29556,-0.94314,-0.15209,0.75168
0.31345,0.93766,0.15015,-0.72257
-0.31715,-0.93648,-0.14975,0.71735
0.30491,0.94032,0.15108,-0.73561
-1.3914e-13,-6.6036e-13,1,1.3963
1.3914e-13,6.6036e-13,-1,-0.69813
-0.31264,-0.93791,-0.15024,0.73219
0.30241,0.94108,0.15135,-0.74085
-0.28659,-0.94575,-0.15303,0.76734
0.2875,0.94549,0.15293,-0.76432
0,0,1,1.3963
0,0,-1,-0.69813
-0.29926,-0.94204,-0.15169,0.74569
0.95783,0.28735,0,0.95783
-0.26518,-0.95162,-0.15522,0.80345
0.26669,0.95123,0.15507,-0.79774
-0.30848,-0.89184,-0.33085,-0.55358
-1.8661e-13,-8.9772e-13,-1,0.69813
1.9004e-13,9.2226e-13,1,1.3963
0.2978,0.89339,0.33641,0.56249
-0.31292,-0.89115,-0.32853,-0.55037
0.3167,0.89055,0.32654,0.54789
-0.29004,-0.89449,-0.34024,-0.56255
9.0578e-14,2.4043e-13,-1,0.69813
-8.9616e-14,-2.3581e-13,1,1.3963
0.28066,0.89562,0.3451,0.57371
-0.29864,-0.89335,-0.33576,-0.55389
0.30237,0.89283,0.33381,0.55054
-0.27261,-0.89651,-0.34921,-0.58217
-4.6193e-14,-2.7814e-13,-1,0.69813
4.1883e-14,2.7578e-13,1,1.3963
0.2978,0.89339,0.33641,0.56249
-0.28754,-0.8948,-0.34155,-0.56643
0.2717,0.8966,0.34969,0.58462
-0.27355,-0.89646,-0.3486,-0.57347
-0.95783,-0.28735,0,0.95783
-1.8421e-13,-6.1084e-13,1,1.3963
0.26516,0.8973,0.35292,0.58668
-0.28607,-0.89506,-0.34211,-0.5571
0.28977,0.8946,0.34018,0.55274
-0.2519,-0.89845,-0.35963,-0.60466
-0.95783,-0.28735,0,0.95783
0,0,-1,0.69813
0,0,1,1.3963
0.28438,0.89518,0.34319,0.56965
-0.27553,-0.89625,-0.34759,-0.57246
0.25039,0.89856,0.3604,0.60936
-0.25875,-0.89792,-0.35607,-0.586
-0.95783,-0.28735,0,0.95783
1.1543e-13,3.6704e-13,1,1.3963
0.25119,0.89853,0.35992,0.60108
-0.27491,-0.89638,-0.34774,-0.55975
0.27859,0.89599,0.34583,0.55424
-0.23459,-0.89965,-0.36823,-0.62897
-0.95783,-0.28735,0,0.95783
0,0,1,1.3963
0.2724,0.89658,0.34921,0.57649
-0.26492,-0.89737,-0.35291,-0.57772
0.23269,0.89975,0.36919,0.63587
-0.21992,-0.90037,-0.37545,-0.65443
-0.95783,-0.28735,0,0.95783
0,0,1,1.3963
0.2618,0.89765,0.35451,0.58269
0.21777,0.90045,0.37652,0.6634
-0.23269,-0.89975,-0.36919,0.63587
0,0,-1,1.3963
-0.2724,-0.89658,-0.34921,0.57649
0.26492,0.89737,0.35291,-0.57772
0.95783,0.28735,0,0.95783
0.23459,0.89965,0.36823,-0.62897
-0.26516,-0.8973,-0.35292,0.58668
-6.1867e-14,-1.5621e-13,-1,1.3963
0.95783,0.28735,0,0.95783
0.27355,0.89646,0.3486,-0.57347
0.28607,0.89506,0.34211,-0.5571
-0.28977,-0.8946,-0.34018,0.55274
-0.25119,-0.89853,-0.35992,0.60108
0,0,-1,1.3963
0.95783,0.28735,0,0.95783
0.25875,0.89792,0.35607,-0.586
0.27491,0.89638,0.34774,-0.55975
-0.27859,-0.89599,-0.34583,0.55424
-0.21777,-0.90045,-0.37652,0.6634
0,0,-1,1.3963
-0.2618,-0.89765,-0.35451,0.58269
0.95783,0.28735,0,0.95783
0.21992,0.90037,0.37545,-0.65443
-0.25039,-0.89856,-0.3604,0.60936
0,0,-1,1.3963
-0.28438,-0.89518,-0.34319,0.56965
0.27553,0.89625,0.34759,-0.57246
0.95783,0.28735,0,0.95783
-1.5005e-13,-8.2872e-13,1,0.69813
0.2519,0.89845,0.35963,-0.60466
-0.28066,-0.89562,-0.3451,0.57371
5.6143e-14,2.7578e-13,-1,1.3963
-1.3099e-12,-2.1113e-12,1,0.69813
0.29004,0.89449,0.34024,-0.56255
0.29864,0.89335,0.33576,-0.55389
-0.30237,-0.89283,-0.33381,0.55054
-0.2717,-0.8966,-0.34969,0.58462
1.1185e-13,1.5787e-13,-1,1.3963
-0.2978,-0.89339,-0.33641,0.56249
0.28754,0.8948,0.34155,-0.56643
5.0472e-13,-3.1395e-12,1,0.69813
0.27261,0.89651,0.34921,-0.58217
-0.2978,-0.89339,-0.33641,0.56249
-3.9679e-13,-1.5328e-12,-1,1.3963
-2.8777e-12,-9.0303e-12,1,0.69813
0.30848,0.89184,0.33085,-0.55358
0.31292,0.89115,0.32853,-0.55037
-0.3167,-0.89055,-0.32654,0.54789
-0.28066,-0.89562,-0.3451,-0.57371
-2.433e-13,-9.2368e-13,-1,0.69813
2.3816e-13,9.1394e-13,1,1.3963
0.2717,0.8966,0.34969,0.58462
-0.28438,-0.89518,-0.34319,-0.56965
0.28754,0.8948,0.34155,0.56643
-0.26516,-0.8973,-0.35292,-0.58668
-0.95783,-0.28735,0,0.95783
0,-3.1974e-14,1,1.3963
0.25723,0.89801,0.35695,0.59941
-0.2724,-0.89658,-0.34921,-0.57649
0.27553,0.89625,0.34759,0.57246
-0.25039,-0.89856,-0.3604,-0.60936
-0.95783,-0.28735,0,0.95783
-8.993e-14,-3.0677e-13,-1,0.69813
8.4495e-14,2.891e-13,1,1.3963
0.2717,0.8966,0.34969,0.58462
-0.26305,-0.89749,-0.354,-0.59089
0.24962,0.89862,0.36079,0.61187
-0.25119,-0.89853,-0.35992,-0.60108
-0.95783,-0.28735,0,0.95783
-5.5851e-14,-1.722e-13,1,1.3963
0.24404,0.89905,0.36353,0.61554
-0.2618,-0.89765,-0.35451,-0.58269
0.26492,0.89737,0.35291,0.57772
-0.23269,-0.89975,-0.36919,-0.63587
-0.95783,-0.28735,0,0.95783
0,6.628e-14,1,1.3963
0.26037,0.89773,0.35536,0.59468
-0.25287,-0.8984,-0.35907,-0.59962
0.2314,0.89982,0.36984,0.64064
-0.21777,-0.90045,-0.37652,-0.6634
-0.95783,-0.28735,0,0.95783
0,0,1,1.3963
0.25021,0.89861,0.36042,0.60418
-0.2314,-0.89982,-0.36984,0.64064
0,-1.1091e-13,-1,1.3963
-0.26037,-0.89773,-0.35536,0.59468
0.25287,0.8984,0.35907,-0.59962
0.95783,0.28735,0,0.95783
0.23269,0.89975,0.36919,-0.63587
-0.25723,-0.89801,-0.35695,0.59941
1.5864e-13,0,-1,1.3963
0.95783,0.28735,0,0.95783
0.26516,0.8973,0.35292,-0.58668
0.2724,0.89658,0.34921,-0.57649
-0.27553,-0.89625,-0.34759,0.57246
-0.24404,-0.89905,-0.36353,0.61554
-5.7392e-14,-2.2982e-13,-1,1.3963
0.95783,0.28735,0,0.95783
0.25119,0.89853,0.35992,-0.60108
0.2618,0.89765,0.35451,-0.58269
-0.26492,-0.89737,-0.35291,0.57772
0,0,-1,1.3963
-0.25021,-0.89861,-0.36042,0.60418
0.95783,0.28735,0,0.95783
0.21777,0.90045,0.37652,-0.6634
-0.24962,-0.89862,-0.36079,0.61187
-4.5484e-14,4.6962e-14,-1,1.3963
-0.2717,-0.8966,-0.34969,0.58462
0.26305,0.89749,0.354,-0.59089
0.95783,0.28735,0,0.95783
-4.5403e-12,-8.2614e-12,1,0.69813
0.25039,0.89856,0.3604,-0.60936
-0.2717,-0.8966,-0.34969,0.58462
-4.689e-13,-2.8014e-12,-1,1.3963
-1.9458e-12,-6.6863e-12,1,0.69813
0.28066,0.89562,0.3451,-0.57371
0.28438,0.89518,0.34319,-0.56965
-0.28754,-0.8948,-0.34155,0.56643
-0.25723,-0.89801,-0.35695,-0.59941
-0.95783,-0.28735,0,0.95783
1.676e-13,-1.3656e-13,1,1.3963
0.24962,0.89862,0.36079,0.61187
-0.26037,-0.89773,-0.35536,-0.59468
0.26305,0.89749,0.354,0.59089
-0.24404,-0.89905,-0.36353,-0.61554
-0.95783,-0.28735,0,0.95783
6.2055e-14,1.5887e-13,1,1.3963
-0.25021,-0.89861,-0.36042,-0.60418
0.25287,0.8984,0.35907,0.59962
-0.2314,-0.89982,-0.36984,-0.64064
-0.95783,-0.28735,0,0.95783
-8.8138e-14,-4.6829e-13,1,1.3963
0.24962,0.89862,0.36079,0.61187
0.23073,0.89985,0.37017,0.64319
-0.23073,-0.89985,-0.37017,0.64319
-1.5746e-13,-3.7537e-13,-1,1.3963
-0.24962,-0.89862,-0.36079,0.61187
0.95783,0.28735,0,0.95783
0.2314,0.89982,0.36984,-0.64064
-0.24962,-0.89862,-0.36079,0.61187
-8.0835e-13,-2.7934e-12,-1,1.3963
0.95783,0.28735,0,0.95783
0.25723,0.89801,0.35695,-0.59941
0.26037,0.89773,0.35536,-0.59468
-0.26305,-0.89749,-0.354,0.59089
0,-4.2633e-13,-1,1.3963
0.95783,0.28735,0,0.95783
0.24404,0.89905,0.36353,-0.61554
0.25021,0.89861,0.36042,-0.60418
-0.25287,-0.8984,-0.35907,0.59962
